CustomerID,Recency,Frequency,Monetary,R_score,F_score,M_score,RFM_Score,Segment
12346.0,325,17,-64.67999999999302,2,4,1,241,Others
12347.0,1,8,5633.32,4,3,4,434,Loyal Customers
12348.0,74,5,2019.4,3,3,3,333,Loyal Customers
12349.0,18,5,4404.54,4,3,4,434,Loyal Customers
12350.0,309,1,334.4,2,1,2,212,Others
12351.0,374,1,300.93,2,1,1,211,Others
12352.0,35,13,1889.21,3,4,3,343,Loyal Customers
12353.0,203,2,406.76,2,1,2,212,Others
12354.0,231,1,1079.4,2,1,3,213,Others
12355.0,213,2,947.61,2,1,3,213,Others
12356.0,22,6,6373.68,4,3,4,434,Loyal Customers
12357.0,32,3,18287.66,3,2,4,324,Others
12358.0,1,5,3887.07,4,3,4,434,Loyal Customers
12359.0,7,14,8714.89,4,4,4,444,Champions
12360.0,51,9,4212.89,3,4,4,344,Loyal Customers
12361.0,286,4,511.25,2,2,2,222,Others
12362.0,2,14,5284.58,4,4,4,444,Champions
12363.0,109,2,552.0,2,1,2,212,Others
12364.0,7,4,1313.1,4,2,3,423,Recent Customers
12365.0,290,3,320.69,2,2,1,221,Others
12366.0,633,1,500.24,1,1,2,112,At Risk
12367.0,3,1,168.9,4,1,1,411,Recent Customers
12368.0,627,1,917.6999999999999,1,1,3,113,At Risk
12369.0,412,3,1791.15,1,2,3,123,At Risk
12370.0,50,7,4320.31,3,3,4,334,Loyal Customers
12371.0,44,5,4067.38,3,3,4,334,Loyal Customers
12372.0,71,3,1298.04,3,2,3,323,Others
12373.0,310,3,1127.65,2,2,3,223,Others
12374.0,24,4,2989.2200000000003,4,2,4,424,Recent Customers
12375.0,2,3,455.42,4,2,2,422,Recent Customers
12376.0,389,2,503.15,1,1,2,112,At Risk
12377.0,314,4,3426.32,2,2,4,224,Others
12378.0,129,2,5416.32,2,1,4,214,Others
12379.0,81,5,1618.27,3,3,3,333,Loyal Customers
12380.0,21,15,7888.0,4,4,4,444,Champions
12381.0,4,6,1803.96,4,3,3,433,Loyal Customers
12382.0,681,1,-18.38,1,1,1,111,At Risk
12383.0,184,6,1839.31,2,3,3,233,Loyal Customers
12384.0,28,3,566.16,3,2,2,322,Others
12385.0,378,2,1923.4,2,1,3,213,Others
12386.0,337,2,660.8,2,1,2,212,Others
12387.0,414,1,143.94,1,1,1,111,At Risk
12388.0,15,8,3901.11,4,3,4,434,Loyal Customers
12389.0,402,3,1433.33,1,2,3,123,At Risk
12390.0,79,1,549.84,3,1,2,312,Others
12391.0,21,7,2747.82,4,3,4,434,Loyal Customers
12392.0,590,1,234.75000000000003,1,1,1,111,At Risk
12393.0,71,7,2376.75,3,3,4,334,Loyal Customers
12394.0,63,2,1272.48,3,1,3,313,Others
12395.0,15,18,5046.92,4,4,4,444,Champions
12396.0,673,1,931.43,1,1,3,113,At Risk
12397.0,35,2,2409.9,3,1,4,314,Others
12398.0,45,1,1635.6599999999999,3,1,3,313,Others
12399.0,118,7,1962.3,2,3,3,233,Loyal Customers
12400.0,413,1,205.25,1,1,1,111,At Risk
12401.0,302,1,84.3,2,1,1,211,Others
12402.0,322,7,1244.15,2,3,3,233,Loyal Customers
12403.0,49,3,1001.36,3,2,3,323,Others
12404.0,681,1,63.24,1,1,1,111,At Risk
12405.0,148,1,1710.39,2,1,3,213,Others
12406.0,21,7,6072.21,4,3,4,434,Loyal Customers
12407.0,49,5,1708.1200000000001,3,3,3,333,Loyal Customers
12408.0,32,14,4279.64,3,4,4,344,Loyal Customers
12409.0,78,13,23090.47,3,4,4,344,Loyal Customers
12410.0,300,4,1001.46,2,2,3,223,Others
12411.0,409,1,346.9,1,1,2,112,At Risk
12412.0,74,8,2581.03,3,3,4,334,Loyal Customers
12413.0,66,6,935.5,3,3,3,333,Loyal Customers
12414.0,216,8,692.41,2,3,2,232,Others
12415.0,23,33,143269.29,4,4,4,444,Champions
12416.0,656,1,202.56,1,1,1,111,At Risk
12417.0,2,27,6708.21,4,4,4,444,Champions
12418.0,112,5,2016.95,2,3,3,233,Loyal Customers
12419.0,385,2,503.01,1,1,2,112,At Risk
12420.0,63,1,600.39,3,1,2,312,Others
12421.0,15,8,1092.83,4,3,3,433,Loyal Customers
12422.0,95,21,4119.35,3,4,4,344,Loyal Customers
12423.0,0,11,2612.19,4,4,4,444,Champions
12424.0,162,7,3289.78,2,3,4,234,Loyal Customers
12425.0,77,3,1680.81,3,2,3,323,Others
12426.0,194,3,1311.41,2,2,3,223,Others
12427.0,11,5,1011.87,4,3,3,433,Loyal Customers
12428.0,25,12,7877.2,3,4,4,344,Loyal Customers
12429.0,8,9,7435.51,4,4,4,444,Champions
12430.0,42,1,256.4,3,1,1,311,Others
12431.0,35,33,10719.41,3,4,4,344,Loyal Customers
12432.0,42,5,5059.32,3,3,4,334,Loyal Customers
12433.0,0,11,20428.86,4,4,4,444,Champions
12434.0,84,5,1062.48,3,3,3,333,Loyal Customers
12435.0,79,6,13925.93,3,3,4,334,Loyal Customers
12436.0,99,1,509.01,2,1,2,212,Others
12437.0,1,47,12394.85,4,4,4,444,Champions
12438.0,13,2,2906.85,4,1,4,414,Recent Customers
12439.0,682,3,1104.48,1,2,3,123,At Risk
12440.0,456,3,768.15,1,2,2,122,At Risk
12441.0,366,1,347.1,2,1,2,212,Others
12442.0,2,1,172.06,4,1,1,411,Recent Customers
12443.0,731,1,485.31,1,1,2,112,At Risk
12444.0,20,5,5005.46,4,3,4,434,Loyal Customers
12445.0,21,3,426.48,4,2,2,422,Recent Customers
12446.0,57,1,1002.3100000000001,3,1,3,313,Others
12447.0,242,1,476.49,2,1,2,212,Others
12448.0,43,1,449.45,3,1,2,312,Others
12449.0,21,6,4835.89,4,3,4,434,Loyal Customers
12450.0,155,7,666.95,2,3,2,232,Others
12451.0,10,10,12546.53,4,4,4,444,Champions
12452.0,16,3,428.57,4,2,2,422,Recent Customers
12453.0,133,1,707.09,2,1,2,212,Others
12454.0,52,9,4292.71,3,4,4,344,Loyal Customers
12455.0,72,10,5879.95,3,4,4,344,Loyal Customers
12456.0,43,4,3153.89,3,2,4,324,Others
12457.0,57,14,2472.31,3,4,4,344,Loyal Customers
12458.0,70,4,1777.49,3,2,3,323,Others
12459.0,604,1,454.36,1,1,2,112,At Risk
12460.0,455,1,326.65,1,1,2,112,At Risk
12461.0,93,2,826.88,3,1,2,312,Others
12462.0,1,4,1124.01,4,2,3,423,Recent Customers
12463.0,45,7,1303.63,3,3,3,333,Loyal Customers
12464.0,9,8,1212.05,4,3,3,433,Loyal Customers
12465.0,7,3,733.89,4,2,2,422,Recent Customers
12466.0,681,1,56.73,1,1,1,111,At Risk
12467.0,385,2,0.0,1,1,1,111,At Risk
12468.0,142,10,3624.55,2,4,4,244,Loyal Customers
12469.0,522,2,3070.54,1,1,4,114,At Risk
12470.0,689,1,211.95,1,1,1,111,At Risk
12471.0,1,129,37948.61,4,4,4,444,Champions
12472.0,30,37,16956.69,3,4,4,344,Loyal Customers
12473.0,28,9,2848.23,3,4,4,344,Loyal Customers
12474.0,16,54,11966.45,4,4,4,444,Champions
12475.0,53,2,1149.64,3,1,3,313,Others
12476.0,0,38,13715.62,4,4,4,444,Champions
12477.0,22,12,20173.64,4,4,4,444,Champions
12478.0,3,1,680.99,4,1,2,412,Recent Customers
12479.0,3,3,477.3,4,2,2,422,Recent Customers
12480.0,27,8,5435.1,3,3,4,334,Loyal Customers
12481.0,22,18,12217.03,4,4,4,444,Champions
12482.0,449,32,21893.53,1,4,4,144,Loyal Customers
12483.0,16,27,4846.87,4,4,4,444,Champions
12484.0,32,16,6303.85,3,4,4,344,Loyal Customers
12485.0,528,1,708.1,1,1,2,112,At Risk
12486.0,431,1,1037.28,1,1,3,113,At Risk
12487.0,730,2,259.79999999999995,1,1,1,111,At Risk
12488.0,9,3,1298.66,4,2,3,423,Recent Customers
12489.0,335,1,334.93,2,1,2,212,Others
12490.0,4,22,9818.64,4,4,4,444,Champions
12491.0,38,1,460.40000000000003,3,1,2,312,Others
12492.0,62,3,715.21,3,2,2,322,Others
12493.0,165,3,416.79,2,2,2,222,Others
12494.0,9,17,1743.52,4,4,3,443,Loyal Customers
12495.0,634,2,323.4,1,1,1,111,At Risk
12496.0,619,2,54.09,1,1,1,111,At Risk
12497.0,81,4,6211.75,3,2,4,324,Others
12498.0,20,3,403.70000000000005,4,2,2,422,Recent Customers
12499.0,559,1,393.72,1,1,2,112,At Risk
12500.0,22,25,5872.31,4,4,4,444,Champions
12501.0,314,2,2089.68,2,1,3,213,Others
12502.0,95,5,3723.87,3,3,4,334,Loyal Customers
12503.0,337,2,0.0,2,1,1,211,Others
12504.0,17,6,411.0,4,3,2,432,Recent Customers
12505.0,300,3,908.0,2,2,3,223,Others
12506.0,232,1,73.5,2,1,1,211,Others
12507.0,133,5,1797.31,2,3,3,233,Loyal Customers
12508.0,25,2,398.27,3,1,2,312,Others
12509.0,283,1,176.5,2,1,1,211,Others
12510.0,142,16,3689.33,2,4,4,244,Loyal Customers
12511.0,414,2,3065.77,1,1,4,114,At Risk
12512.0,65,2,138.03,3,1,1,311,Others
12513.0,84,2,586.79,3,1,2,312,Others
12514.0,266,2,1597.76,2,1,3,213,Others
12515.0,352,1,383.7,2,1,2,212,Others
12516.0,77,4,2648.62,3,2,4,324,Others
12517.0,27,6,2464.89,3,3,4,334,Loyal Customers
12518.0,0,5,2056.89,4,3,3,433,Loyal Customers
12519.0,63,3,695.19,3,2,2,322,Others
12520.0,78,6,2582.51,3,3,4,334,Loyal Customers
12521.0,142,1,599.68,2,1,2,212,Others
12522.0,38,2,192.72,3,1,1,311,Others
12523.0,1,30,4220.85,4,4,4,444,Champions
12524.0,8,18,11091.36,4,4,4,444,Champions
12525.0,490,8,835.1800000000001,1,3,2,132,At Risk
12526.0,0,3,1316.66,4,2,3,423,Recent Customers
12527.0,81,5,735.51,3,3,2,332,Others
12528.0,8,8,1922.28,4,3,3,433,Loyal Customers
12529.0,522,2,311.78000000000003,1,1,1,111,At Risk
12530.0,59,12,3689.86,3,4,4,344,Loyal Customers
12531.0,14,3,1899.05,4,2,3,423,Recent Customers
12532.0,29,1,349.83000000000004,3,1,2,312,Others
12533.0,618,6,1149.99,1,3,3,133,Loyal Customers
12534.0,130,1,1089.18,2,1,3,213,Others
12535.0,91,2,716.35,3,1,2,312,Others
12536.0,7,5,4106.82,4,3,4,434,Loyal Customers
12537.0,408,1,732.94,1,1,2,112,At Risk
12538.0,28,2,640.45,3,1,2,312,Others
12539.0,21,8,9498.9,4,3,4,434,Loyal Customers
12540.0,19,36,22107.29,4,4,4,444,Champions
12541.0,29,3,981.18,3,2,3,323,Others
12542.0,483,4,423.38,1,2,2,122,At Risk
12543.0,447,1,980.25,1,1,3,113,At Risk
12544.0,29,2,355.7,3,1,2,312,Others
12545.0,74,2,1000.39,3,1,3,313,Others
12546.0,46,3,1141.5,3,2,3,323,Others
12547.0,197,3,383.58,2,2,2,222,Others
12548.0,165,1,95.19999999999999,2,1,1,211,Others
12549.0,575,6,1575.68,1,3,3,133,Loyal Customers
12550.0,78,1,964.83,3,1,3,313,Others
12551.0,357,1,168.0,2,1,1,211,Others
12552.0,38,2,437.82,3,1,2,312,Others
12553.0,7,17,4548.82,4,4,4,444,Champions
12554.0,448,1,468.5,1,1,2,112,At Risk
12555.0,681,1,129.23,1,1,1,111,At Risk
12556.0,49,2,603.71,3,1,2,312,Others
12557.0,15,8,18716.14,4,3,4,434,Loyal Customers
12558.0,1,2,1.0658141036401503e-14,4,1,1,411,Recent Customers
12559.0,310,3,536.21,2,2,2,222,Others
12560.0,4,4,2101.39,4,2,3,423,Recent Customers
12561.0,302,1,238.85,2,1,1,211,Others
12562.0,7,9,4966.92,4,4,4,444,Champions
12563.0,408,1,249.24,1,1,1,111,At Risk
12564.0,260,1,456.9,2,1,2,212,Others
12565.0,281,2,131.17,2,1,1,211,Others
12566.0,72,2,346.7,3,1,2,312,Others
12567.0,22,17,13393.82,4,4,4,444,Champions
12568.0,644,1,70.0,1,1,1,111,At Risk
12569.0,1,35,4064.9900000000002,4,4,4,444,Champions
12570.0,681,1,77.52,1,1,1,111,At Risk
12571.0,39,2,519.61,3,1,2,312,Others
12572.0,8,3,1004.72,4,2,3,423,Recent Customers
12573.0,226,5,717.41,2,3,2,232,Others
12574.0,315,1,218.45,2,1,1,211,Others
12575.0,456,2,622.8199999999999,1,1,2,112,At Risk
12576.0,35,11,2083.87,3,4,3,343,Loyal Customers
12577.0,34,9,1591.35,3,4,3,343,Loyal Customers
12578.0,20,7,4572.45,4,3,4,434,Loyal Customers
12579.0,72,3,410.72,3,2,2,322,Others
12580.0,246,2,1052.9,2,1,3,213,Others
12581.0,39,1,197.71,3,1,1,311,Others
12582.0,238,4,1980.4,2,2,3,223,Others
12583.0,2,31,14344.9,4,4,4,444,Champions
12584.0,3,18,1893.95,4,4,3,443,Loyal Customers
12585.0,233,4,1982.81,2,2,3,223,Others
12586.0,16,5,2028.67,4,3,3,433,Loyal Customers
12587.0,7,1,144.0,4,1,1,411,Recent Customers
12588.0,38,5,938.98,3,3,3,333,Loyal Customers
12589.0,28,11,3094.17,3,4,4,344,Loyal Customers
12590.0,189,5,9853.48,2,3,4,234,Loyal Customers
12591.0,316,3,1352.15,2,2,3,223,Others
12592.0,91,8,1152.62,3,3,3,333,Loyal Customers
12593.0,108,3,418.09999999999997,2,2,2,222,Others
12594.0,37,17,5044.51,3,4,4,344,Loyal Customers
12595.0,504,1,299.02,1,1,1,111,At Risk
12596.0,50,2,618.27,3,1,2,312,Others
12597.0,18,5,3683.13,4,3,4,434,Loyal Customers
12598.0,9,15,4414.67,4,4,4,444,Champions
12599.0,28,13,2296.72,3,4,4,344,Loyal Customers
12600.0,28,26,4955.79,3,4,4,344,Loyal Customers
12601.0,189,7,673.76,2,3,2,232,Others
12602.0,58,1,153.12,3,1,1,311,Others
12603.0,21,1,739.1999999999999,4,1,2,412,Recent Customers
12604.0,78,2,254.18,3,1,1,311,Others
12605.0,364,5,1217.95,2,3,3,233,Loyal Customers
12606.0,681,1,21.0,1,1,1,111,At Risk
12607.0,57,2,3.552713678800501e-15,3,1,1,311,Others
12608.0,404,1,415.79,1,1,2,112,At Risk
12609.0,77,10,3417.86,3,4,4,344,Loyal Customers
12610.0,22,7,2057.99,4,3,3,433,Loyal Customers
12611.0,51,1,1193.32,3,1,3,313,Others
12612.0,57,2,643.59,3,1,2,312,Others
12613.0,30,13,6591.52,3,4,4,344,Loyal Customers
12614.0,277,1,315.6,2,1,1,211,Others
12615.0,1,11,5564.88,4,4,4,444,Champions
12616.0,84,7,1045.35,3,3,3,333,Loyal Customers
12617.0,28,1,355.53,3,1,2,312,Others
12618.0,21,1,177.31,4,1,1,411,Recent Customers
12619.0,15,14,3354.95,4,4,4,444,Champions
12620.0,14,3,1339.41,4,2,3,423,Recent Customers
12621.0,1,44,24579.31,4,4,4,444,Champions
12622.0,231,1,180.1,2,1,1,211,Others
12623.0,275,9,3639.84,2,4,4,244,Loyal Customers
12624.0,105,2,641.13,2,1,2,212,Others
12625.0,211,5,5095.38,2,3,4,234,Loyal Customers
12626.0,22,13,6388.35,4,4,4,444,Champions
12627.0,10,7,4478.53,4,3,4,434,Loyal Customers
12628.0,3,4,769.61,4,2,2,422,Recent Customers
12629.0,385,2,1558.22,1,1,3,113,At Risk
12630.0,9,2,1270.88,4,1,3,413,Recent Customers
12631.0,56,7,3452.27,3,3,4,334,Loyal Customers
12632.0,520,4,738.88,1,2,2,122,At Risk
12633.0,58,10,5595.21,3,4,4,344,Loyal Customers
12634.0,535,2,490.0,1,1,2,112,At Risk
12635.0,89,4,2930.41,3,2,4,324,Others
12636.0,738,1,141.0,1,1,1,111,At Risk
12637.0,66,14,8271.66,3,4,4,344,Loyal Customers
12638.0,32,2,921.49,3,1,3,313,Others
12639.0,238,3,1312.37,2,2,3,223,Others
12640.0,23,3,1174.58,4,2,3,423,Recent Customers
12641.0,114,1,185.9,2,1,1,211,Others
12642.0,24,3,1013.26,4,2,3,423,Recent Customers
12643.0,127,14,7880.9,2,4,4,244,Loyal Customers
12644.0,129,6,1815.54,2,3,3,233,Loyal Customers
12645.0,33,10,3499.1,3,4,4,344,Loyal Customers
12646.0,4,2,1346.97,4,1,3,413,Recent Customers
12647.0,21,45,17682.79,4,4,4,444,Champions
12648.0,154,5,1097.0,2,3,3,233,Loyal Customers
12649.0,106,10,2238.7,2,4,4,244,Loyal Customers
12650.0,2,1,314.44,4,1,1,411,Recent Customers
12651.0,334,5,365.3,2,3,2,232,Others
12652.0,321,3,1011.58,2,2,3,223,Others
12653.0,148,3,4160.83,2,2,4,224,Others
12654.0,10,5,601.98,4,3,2,432,Recent Customers
12655.0,423,1,261.35,1,1,1,111,At Risk
12656.0,16,12,6320.78,4,4,4,444,Champions
12657.0,10,5,1152.06,4,3,3,433,Loyal Customers
12658.0,18,1,686.05,4,1,2,412,Recent Customers
12659.0,29,1,91.68,3,1,1,311,Others
12660.0,10,1,245.1,4,1,1,411,Recent Customers
12661.0,435,1,162.0,1,1,1,111,At Risk
12662.0,0,22,6949.17,4,4,4,444,Champions
12663.0,624,3,204.0,1,2,1,121,At Risk
12664.0,7,12,6052.04,4,4,4,444,Champions
12665.0,324,5,301.45,2,3,1,231,Others
12666.0,358,2,1020.98,2,1,3,213,Others
12667.0,57,1,620.13,3,1,2,312,Others
12668.0,6,12,11380.710000000001,4,4,4,444,Champions
12669.0,150,4,1607.73,2,2,3,223,Others
12670.0,9,8,3750.39,4,3,4,434,Loyal Customers
12671.0,605,1,2622.481,1,1,4,114,At Risk
12672.0,329,3,410.5,2,2,2,222,Others
12673.0,4,3,1230.02,4,2,3,423,Recent Customers
12674.0,11,7,1919.31,4,3,3,433,Loyal Customers
12675.0,553,4,934.8,1,2,3,123,At Risk
12676.0,24,12,2773.09,4,4,4,444,Champions
12677.0,554,3,389.3,1,2,2,122,At Risk
12678.0,41,23,33851.13,3,4,4,344,Loyal Customers
12679.0,51,9,1058.67,3,4,3,343,Loyal Customers
12680.0,0,4,880.81,4,2,3,423,Recent Customers
12681.0,14,56,30551.76,4,4,4,444,Champions
12682.0,3,53,23945.81,4,4,4,444,Champions
12683.0,3,27,12418.6,4,4,4,444,Champions
12684.0,7,7,2283.63,4,3,4,434,Loyal Customers
12685.0,27,6,2863.08,3,3,4,334,Loyal Customers
12686.0,371,1,178.28,2,1,1,211,Others
12687.0,480,2,2138.91,1,1,3,113,At Risk
12688.0,113,1,4873.8099999999995,2,1,4,214,Others
12689.0,25,2,1247.61,3,1,3,313,Others
12690.0,205,1,389.01,2,1,2,212,Others
12691.0,27,7,1170.4,3,3,3,333,Loyal Customers
12692.0,636,1,110.95,1,1,1,111,At Risk
12693.0,120,11,1640.42,2,4,3,243,Loyal Customers
12694.0,69,4,1839.45,3,2,3,323,Others
12695.0,6,7,1407.1200000000001,4,3,3,433,Loyal Customers
12696.0,434,3,801.15,1,2,2,122,At Risk
12697.0,20,5,939.02,4,3,3,433,Loyal Customers
12698.0,589,1,339.75,1,1,2,112,At Risk
12699.0,417,1,638.11,1,1,2,112,At Risk
12700.0,7,6,4867.99,4,3,4,434,Loyal Customers
12701.0,79,6,2446.41,3,3,4,334,Loyal Customers
12702.0,19,1,219.0,4,1,1,411,Recent Customers
12703.0,63,7,892.18,3,3,3,333,Loyal Customers
12704.0,6,10,2220.84,4,4,4,444,Champions
12705.0,14,22,11554.0,4,4,4,444,Champions
12706.0,681,1,-91.89,1,1,1,111,At Risk
12707.0,291,1,603.42,2,1,2,212,Others
12708.0,29,30,5118.16,3,4,4,344,Loyal Customers
12709.0,2,55,30312.61,4,4,4,444,Champions
12710.0,96,4,1130.57,2,2,3,223,Others
12711.0,611,2,1339.05,1,1,3,113,At Risk
12712.0,22,28,6979.66,4,4,4,444,Champions
12713.0,0,1,848.55,4,1,3,413,Recent Customers
12714.0,8,12,14093.71,4,4,4,444,Champions
12715.0,105,1,353.86,2,1,2,212,Others
12716.0,3,2,1053.49,4,1,3,413,Recent Customers
12717.0,150,4,1258.91,2,2,3,223,Others
12718.0,70,1,238.25,3,1,1,311,Others
12719.0,4,3,608.1,4,2,2,422,Recent Customers
12720.0,2,41,8047.88,4,4,4,444,Champions
12721.0,31,10,3906.68,3,4,4,344,Loyal Customers
12722.0,84,6,904.33,3,3,3,333,Loyal Customers
12723.0,3,5,725.07,4,3,2,432,Recent Customers
12724.0,4,7,2317.52,4,3,4,434,Loyal Customers
12725.0,370,4,2694.56,2,2,4,224,Others
12726.0,27,11,4014.6,3,4,4,344,Loyal Customers
12727.0,10,12,5646.53,4,4,4,444,Champions
12728.0,70,5,1070.17,3,3,3,333,Loyal Customers
12729.0,113,1,453.01,2,1,2,212,Others
12730.0,521,1,829.25,1,1,2,112,At Risk
12731.0,23,19,25673.21,4,4,4,444,Champions
12732.0,179,1,236.26000000000002,2,1,1,211,Others
12733.0,233,6,2326.82,2,3,4,234,Loyal Customers
12734.0,352,3,639.65,2,2,2,222,Others
12735.0,314,2,779.5699999999999,2,1,2,212,Others
12736.0,332,1,234.0,2,1,1,211,Others
12737.0,498,2,3710.5,1,1,4,114,At Risk
12738.0,371,1,310.7,2,1,1,211,Others
12739.0,77,4,2726.73,3,2,4,324,Others
12740.0,63,1,427.6,3,1,2,312,Others
12741.0,528,2,406.07,1,1,2,112,At Risk
12742.0,599,2,1185.02,1,1,3,113,At Risk
12743.0,133,2,546.43,2,1,2,212,Others
12744.0,51,14,13158.16,3,4,4,344,Loyal Customers
12745.0,486,3,925.41,1,2,3,123,At Risk
12746.0,527,3,230.85000000000002,1,2,1,121,At Risk
12747.0,1,32,9164.59,4,4,4,444,Champions
12748.0,0,365,49970.13,4,4,4,444,Champions
12749.0,3,16,6328.49,4,4,4,444,Champions
12750.0,128,1,275.88,2,1,1,211,Others
12751.0,444,1,268.27,1,1,1,111,At Risk
12752.0,80,1,4366.78,3,1,4,314,Others
12753.0,3,11,21024.01,4,4,4,444,Champions
12754.0,235,5,2949.12,2,3,4,234,Loyal Customers
12755.0,249,22,6406.349999999999,2,4,4,244,Loyal Customers
12756.0,86,1,112.07999999999998,3,1,1,311,Others
12757.0,15,19,4227.7,4,4,4,444,Champions
12758.0,116,8,9779.0,2,3,4,234,Loyal Customers
12759.0,51,8,5020.74,3,3,4,334,Loyal Customers
12760.0,455,1,347.8,1,1,2,112,At Risk
12761.0,457,2,782.95,1,1,2,112,At Risk
12762.0,7,2,1898.52,4,1,3,413,Recent Customers
12763.0,137,2,814.16,2,1,2,212,Others
12764.0,316,1,1693.88,2,1,3,213,Others
12765.0,471,6,1404.58,1,3,3,133,Loyal Customers
12766.0,3,11,10026.43,4,4,4,444,Champions
12767.0,375,1,949.82,2,1,3,213,Others
12768.0,431,2,3.552713678800501e-15,1,1,1,111,At Risk
12769.0,238,1,1143.6,2,1,3,213,Others
12770.0,210,7,2975.95,2,3,4,234,Loyal Customers
12771.0,464,2,262.5,1,1,1,111,At Risk
12772.0,59,1,892.47,3,1,3,313,Others
12773.0,563,2,1.7763568394002505e-15,1,1,1,111,At Risk
12774.0,535,1,98.7,1,1,1,111,At Risk
12775.0,16,8,1651.32,4,3,3,433,Loyal Customers
12776.0,667,1,55.5,1,1,1,111,At Risk
12777.0,457,1,519.45,1,1,2,112,At Risk
12778.0,19,10,1757.68,4,4,3,443,Loyal Customers
12779.0,20,21,6406.76,4,4,4,444,Champions
12780.0,598,1,337.4,1,1,2,112,At Risk
12781.0,20,5,707.72,4,3,2,432,Recent Customers
12782.0,4,14,4526.04,4,4,4,444,Champions
12783.0,1,8,1603.87,4,3,3,433,Loyal Customers
12784.0,8,3,1804.75,4,2,3,423,Recent Customers
12785.0,2,5,1079.31,4,3,3,433,Loyal Customers
12786.0,609,1,728.5,1,1,2,112,At Risk
12787.0,9,5,859.18,4,3,3,433,Loyal Customers
12788.0,462,4,444.9,1,2,2,122,At Risk
12789.0,64,3,273.35,3,2,1,321,Others
12790.0,191,3,563.45,2,2,2,222,Others
12791.0,373,8,777.75,2,3,2,232,Others
12792.0,256,3,813.88,2,2,2,222,Others
12793.0,334,3,1017.33,2,2,3,223,Others
12794.0,52,2,860.41,3,1,3,313,Others
12795.0,18,1,430.48,4,1,2,412,Recent Customers
12796.0,627,1,381.0,1,1,2,112,At Risk
12797.0,359,6,725.46,2,3,2,232,Others
12798.0,9,4,8510.93,4,2,4,424,Recent Customers
12799.0,528,1,219.35,1,1,1,111,At Risk
12800.0,469,3,584.25,1,2,2,122,At Risk
12801.0,477,2,1031.87,1,1,3,113,At Risk
12802.0,183,9,2350.42,2,4,4,244,Loyal Customers
12803.0,392,1,1092.81,1,1,3,113,At Risk
12804.0,465,2,327.02,1,1,2,112,At Risk
12805.0,381,4,1434.95,1,2,3,123,At Risk
12806.0,434,4,2878.96,1,2,4,124,At Risk
12807.0,382,3,269.95,1,2,1,121,At Risk
12808.0,36,5,906.1,3,3,3,333,Loyal Customers
12809.0,167,8,1705.34,2,3,3,233,Loyal Customers
12810.0,534,2,534.99,1,1,2,112,At Risk
12811.0,260,5,1033.9,2,3,3,233,Loyal Customers
12812.0,44,1,229.64000000000001,3,1,1,311,Others
12813.0,501,3,1687.8,1,2,3,123,At Risk
12814.0,101,1,125.92,2,1,1,211,Others
12815.0,147,2,1063.46,2,1,3,213,Others
12816.0,95,2,572.2,3,1,2,312,Others
12817.0,280,3,690.98,2,2,2,222,Others
12818.0,177,2,1517.88,2,1,3,213,Others
12819.0,457,1,540.52,1,1,2,112,At Risk
12820.0,2,13,2647.94,4,4,4,444,Champions
12821.0,213,2,220.8,2,1,1,211,Others
12822.0,70,3,918.98,3,2,3,323,Others
12823.0,74,18,6501.5,3,4,4,344,Loyal Customers
12824.0,59,1,397.12,3,1,2,312,Others
12825.0,520,2,518.63,1,1,2,112,At Risk
12826.0,2,15,2928.69,4,4,4,444,Champions
12827.0,5,3,430.15000000000003,4,2,2,422,Recent Customers
12828.0,2,6,1018.71,4,3,3,433,Loyal Customers
12829.0,321,4,345.35,2,2,2,222,Others
12830.0,37,7,6748.4,3,3,4,334,Loyal Customers
12831.0,261,3,451.11,2,2,2,222,Others
12832.0,31,2,383.03,3,1,2,312,Others
12833.0,144,1,417.38,2,1,2,212,Others
12834.0,282,1,312.38,2,1,1,211,Others
12835.0,417,49,6018.67,1,4,4,144,Loyal Customers
12836.0,58,17,6546.47,3,4,4,344,Loyal Customers
12837.0,172,2,688.41,2,1,2,212,Others
12838.0,33,12,3376.03,3,4,4,344,Loyal Customers
12839.0,2,31,9927.83,4,4,4,444,Champions
12840.0,143,11,4013.87,2,4,4,244,Loyal Customers
12841.0,4,42,7390.4800000000005,4,4,4,444,Champions
12842.0,69,4,1917.99,3,2,3,323,Others
12843.0,65,34,6345.61,3,4,4,344,Loyal Customers
12844.0,28,4,648.6,3,2,2,322,Others
12845.0,266,4,354.09,2,2,2,222,Others
12846.0,681,1,15.58,1,1,1,111,At Risk
12847.0,21,2,1636.8999999999999,4,1,3,413,Recent Customers
12848.0,675,1,208.0,1,1,1,111,At Risk
12849.0,30,6,3090.56,3,3,4,334,Loyal Customers
12850.0,445,1,330.0,1,1,2,112,At Risk
12851.0,96,2,284.13,2,1,1,211,Others
12852.0,289,2,299.75,2,1,1,211,Others
12853.0,107,16,3728.5,2,4,4,244,Loyal Customers
12854.0,78,11,2922.37,3,4,4,344,Loyal Customers
12855.0,372,4,650.9399999999999,2,2,2,222,Others
12856.0,7,8,2162.68,4,3,3,433,Loyal Customers
12857.0,210,7,3684.25,2,3,4,234,Loyal Customers
12858.0,382,2,151.73,1,1,1,111,At Risk
12859.0,458,1,575.1,1,1,2,112,At Risk
12860.0,692,1,55.47,1,1,1,111,At Risk
12861.0,619,1,68.25,1,1,1,111,At Risk
12862.0,425,2,1008.3199999999999,1,1,3,113,At Risk
12863.0,51,7,2775.5499999999997,3,3,4,334,Loyal Customers
12864.0,137,2,299.57,2,1,1,211,Others
12865.0,25,5,3303.31,3,3,4,334,Loyal Customers
12866.0,282,3,1227.35,2,2,3,223,Others
12867.0,25,16,7862.69,3,4,4,344,Loyal Customers
12868.0,185,8,2247.06,2,3,4,234,Loyal Customers
12869.0,681,1,337.66999999999996,1,1,2,112,At Risk
12870.0,365,4,1647.15,2,2,3,223,Others
12871.0,83,3,744.02,3,2,2,322,Others
12872.0,326,13,3678.34,2,4,4,244,Loyal Customers
12873.0,281,3,2027.3,2,2,3,223,Others
12874.0,384,3,933.42,1,2,3,123,At Risk
12875.0,142,5,1356.99,2,3,3,233,Loyal Customers
12876.0,57,5,4068.59,3,3,4,334,Loyal Customers
12877.0,3,20,2955.17,4,4,4,444,Champions
12878.0,17,3,841.64,4,2,2,422,Recent Customers
12879.0,44,4,552.5699999999999,3,2,2,322,Others
12880.0,381,2,640.13,1,1,2,112,At Risk
12881.0,275,1,298.0,2,1,1,211,Others
12882.0,8,2,1463.04,4,1,3,413,Recent Customers
12883.0,24,4,703.47,4,2,2,422,Recent Customers
12884.0,87,1,309.05,3,1,1,311,Others
12885.0,62,4,1158.27,3,2,3,323,Others
12886.0,67,3,1351.09,3,2,3,323,Others
12887.0,383,1,222.4,1,1,1,111,At Risk
12888.0,213,4,313.77,2,2,1,221,Others
12889.0,380,6,365.66,2,3,2,232,Others
12890.0,23,2,717.27,4,1,2,412,Recent Customers
12891.0,185,12,819.5,2,4,2,242,Others
12892.0,396,1,263.38,1,1,1,111,At Risk
12893.0,30,1,188.14,3,1,1,311,Others
12894.0,574,1,157.35,1,1,1,111,At Risk
12895.0,41,3,347.3,3,2,2,322,Others
12896.0,730,1,-29.75,1,1,1,111,At Risk
12897.0,204,4,514.25,2,2,2,222,Others
12898.0,463,2,310.96000000000004,1,1,1,111,At Risk
12899.0,413,1,366.4,1,1,2,112,At Risk
12900.0,421,1,340.33,1,1,2,112,At Risk
12901.0,8,36,16293.1,4,4,4,444,Champions
12902.0,264,1,138.68,2,1,1,211,Others
12903.0,428,1,833.53,1,1,2,112,At Risk
12904.0,17,2,509.58,4,1,2,412,Recent Customers
12905.0,576,3,1011.82,1,2,3,123,At Risk
12906.0,11,5,2919.81,4,3,4,434,Loyal Customers
12907.0,395,3,440.36,1,2,2,122,At Risk
12908.0,58,7,1272.0,3,3,3,333,Loyal Customers
12909.0,39,13,3034.77,3,4,4,344,Loyal Customers
12910.0,22,14,5747.02,4,4,4,444,Champions
12911.0,551,1,1680.47,1,1,3,113,At Risk
12912.0,2,5,1662.3,4,3,3,433,Loyal Customers
12913.0,4,13,6700.860000000001,4,4,4,444,Champions
12914.0,400,1,223.98,1,1,1,111,At Risk
12915.0,148,8,1084.85,2,3,3,233,Loyal Customers
12916.0,138,8,4630.22,2,3,4,234,Loyal Customers
12917.0,127,8,4329.5,2,3,4,234,Loyal Customers
12918.0,625,3,-10953.5,1,2,1,121,At Risk
12919.0,7,8,1301.44,4,3,3,433,Loyal Customers
12920.0,16,4,488.09000000000003,4,2,2,422,Recent Customers
12921.0,3,103,34639.45,4,4,4,444,Champions
12922.0,160,1,405.38,2,1,2,212,Others
12923.0,63,3,789.87,3,2,2,322,Others
12924.0,87,14,2423.15,3,4,4,344,Loyal Customers
12925.0,4,3,729.3299999999999,4,2,2,422,Recent Customers
12926.0,410,4,1548.46,1,2,3,123,At Risk
12927.0,394,1,197.31,1,1,1,111,At Risk
12928.0,34,12,4304.89,3,4,4,344,Loyal Customers
12929.0,121,2,105.1,2,1,1,211,Others
12930.0,77,4,409.9,3,2,2,322,Others
12931.0,21,71,71299.67,4,4,4,444,Champions
12932.0,538,8,1698.56,1,3,3,133,Loyal Customers
12933.0,23,11,1627.28,4,4,3,443,Loyal Customers
12934.0,736,1,181.65,1,1,1,111,At Risk
12935.0,1,19,4182.01,4,4,4,444,Champions
12936.0,16,5,1012.9,4,3,3,433,Loyal Customers
12937.0,14,9,3097.61,4,4,4,444,Champions
12938.0,25,1,114.14,3,1,1,311,Others
12939.0,63,20,25264.8,3,4,4,344,Loyal Customers
12940.0,45,4,876.29,3,2,3,323,Others
12941.0,723,1,377.49,1,1,2,112,At Risk
12942.0,130,3,942.65,2,2,3,223,Others
12943.0,300,4,489.0,2,2,2,222,Others
12944.0,35,2,604.51,3,1,2,312,Others
12945.0,287,2,900.11,2,1,3,213,Others
12946.0,436,1,324.45,1,1,1,111,At Risk
12947.0,143,11,1711.33,2,4,3,243,Loyal Customers
12948.0,15,10,2306.18,4,4,4,444,Champions
12949.0,30,28,15391.0,3,4,4,344,Loyal Customers
12950.0,1,3,1843.0,4,2,3,423,Recent Customers
12951.0,8,20,3164.42,4,4,4,444,Champions
12952.0,5,5,1382.8400000000001,4,3,3,433,Loyal Customers
12953.0,9,2,828.8100000000001,4,1,2,412,Recent Customers
12954.0,638,1,162.45,1,1,1,111,At Risk
12955.0,0,14,4734.26,4,4,4,444,Champions
12956.0,305,4,521.89,2,2,2,222,Others
12957.0,3,21,8628.42,4,4,4,444,Champions
12958.0,399,2,539.49,1,1,2,112,At Risk
12959.0,483,2,133.35,1,1,1,111,At Risk
12960.0,413,4,1322.07,1,2,3,123,At Risk
12961.0,378,1,211.99,2,1,1,211,Others
12962.0,6,2,266.39,4,1,1,411,Recent Customers
12963.0,7,14,3512.79,4,4,4,444,Champions
12964.0,436,1,132.24,1,1,1,111,At Risk
12965.0,88,1,771.91,3,1,2,312,Others
12966.0,9,1,160.18,4,1,1,411,Recent Customers
12967.0,2,5,3840.77,4,3,4,434,Loyal Customers
12968.0,111,1,135.95,2,1,1,211,Others
12969.0,602,1,122.45,1,1,1,111,At Risk
12970.0,6,10,1524.97,4,4,3,443,Loyal Customers
12971.0,3,120,15482.74,4,4,4,444,Champions
12972.0,413,6,1115.95,1,3,3,133,Loyal Customers
12973.0,413,1,385.55,1,1,2,112,At Risk
12974.0,197,2,408.95,2,1,2,212,Others
12975.0,429,8,1993.99,1,3,3,133,Loyal Customers
12976.0,211,8,3156.38,2,3,4,234,Loyal Customers
12977.0,155,4,517.63,2,2,2,222,Others
12978.0,384,6,2496.07,1,3,4,134,Loyal Customers
12979.0,728,2,479.53999999999996,1,1,2,112,At Risk
12980.0,155,26,15909.390000000001,2,4,4,244,Loyal Customers
12981.0,29,2,372.21999999999997,3,1,2,312,Others
12982.0,239,17,2562.12,2,4,4,244,Loyal Customers
12983.0,597,1,490.08000000000004,1,1,2,112,At Risk
12984.0,18,1,97.5,4,1,1,411,Recent Customers
12985.0,0,3,1215.6200000000001,4,2,3,423,Recent Customers
12986.0,402,12,1991.5900000000001,1,4,3,143,Loyal Customers
12987.0,73,6,1298.51,3,3,3,333,Loyal Customers
12988.0,291,1,535.32,2,1,2,212,Others
12989.0,2,39,12846.8,4,4,4,444,Champions
12990.0,30,7,955.5,3,3,3,333,Loyal Customers
12991.0,22,3,764.82,4,2,2,422,Recent Customers
12992.0,724,1,93.35000000000001,1,1,1,111,At Risk
12993.0,22,10,1191.26,4,4,3,443,Loyal Customers
12994.0,3,5,902.22,4,3,3,433,Loyal Customers
12995.0,77,2,200.72,3,1,1,311,Others
12996.0,375,1,355.5,2,1,2,212,Others
12997.0,21,16,2065.11,4,4,3,443,Loyal Customers
12998.0,492,4,897.38,1,2,3,123,At Risk
12999.0,195,3,455.88,2,2,2,222,Others
13000.0,106,5,965.0,2,3,3,233,Loyal Customers
13001.0,3,37,24136.05,4,4,4,444,Champions
13002.0,317,3,414.13,2,2,2,222,Others
13003.0,105,3,149.05,2,2,1,221,Others
13004.0,11,46,11143.99,4,4,4,444,Champions
13005.0,173,6,935.03,2,3,3,233,Loyal Customers
13006.0,55,1,81.57,3,1,1,311,Others
13007.0,579,1,175.25,1,1,1,111,At Risk
13008.0,322,7,543.28,2,3,2,232,Others
13009.0,672,1,234.0,1,1,1,111,At Risk
13010.0,373,2,330.12,2,1,2,212,Others
13011.0,371,1,101.10000000000001,2,1,1,211,Others
13012.0,8,15,2591.1800000000003,4,4,4,444,Champions
13013.0,0,31,12601.82,4,4,4,444,Champions
13014.0,2,18,5220.83,4,4,4,444,Champions
13015.0,52,14,6465.72,3,4,4,344,Loyal Customers
13016.0,72,3,789.89,3,2,2,322,Others
13017.0,6,1,204.0,4,1,1,411,Recent Customers
13018.0,15,37,9742.81,4,4,4,444,Champions
13019.0,378,8,1212.95,2,3,3,233,Loyal Customers
13020.0,547,5,606.96,1,3,2,132,At Risk
13021.0,3,24,4786.38,4,4,4,444,Champions
13022.0,429,1,65.3,1,1,1,111,At Risk
13023.0,63,3,1449.03,3,2,3,323,Others
13024.0,463,3,535.42,1,2,2,122,At Risk
13025.0,731,1,323.39,1,1,1,111,At Risk
13026.0,0,13,1690.12,4,4,3,443,Loyal Customers
13027.0,113,23,17148.0,2,4,4,244,Loyal Customers
13028.0,22,3,659.68,4,2,2,422,Recent Customers
13029.0,30,5,1927.3,3,3,3,333,Loyal Customers
13030.0,10,2,1227.22,4,1,3,413,Recent Customers
13031.0,406,5,3419.27,1,3,4,134,Loyal Customers
13032.0,38,11,2817.59,3,4,4,344,Loyal Customers
13033.0,356,2,220.55,2,1,1,211,Others
13034.0,54,3,922.68,3,2,3,323,Others
13035.0,57,4,1328.95,3,2,3,323,Others
13036.0,684,1,307.1,1,1,1,111,At Risk
13037.0,137,16,3842.55,2,4,4,244,Loyal Customers
13038.0,79,3,908.46,3,2,3,323,Others
13039.0,583,4,1010.73,1,2,3,123,At Risk
13040.0,8,2,676.99,4,1,2,412,Recent Customers
13041.0,450,4,799.13,1,2,2,122,At Risk
13042.0,583,4,1522.79,1,2,3,123,At Risk
13043.0,253,2,471.57,2,1,2,212,Others
13044.0,290,13,4824.2,2,4,4,244,Loyal Customers
13045.0,98,3,808.92,2,2,2,222,Others
13046.0,30,3,949.25,3,2,3,323,Others
13047.0,31,42,8466.72,3,4,4,344,Loyal Customers
13048.0,13,13,4035.16,4,4,4,444,Champions
13049.0,63,5,1384.14,3,3,3,333,Loyal Customers
13050.0,8,57,11822.44,4,4,4,444,Champions
13051.0,578,2,155.8,1,1,1,111,At Risk
13052.0,211,7,3168.53,2,3,4,234,Loyal Customers
13053.0,621,1,127.65,1,1,1,111,At Risk
13054.0,681,1,-14.0,1,1,1,111,At Risk
13055.0,63,6,2292.5099999999998,3,3,4,334,Loyal Customers
13056.0,550,1,209.48,1,1,1,111,At Risk
13057.0,529,4,540.74,1,2,2,122,At Risk
13058.0,24,3,271.40000000000003,4,2,1,421,Recent Customers
13059.0,249,12,2272.62,2,4,4,244,Loyal Customers
13060.0,253,1,307.53,2,1,1,211,Others
13061.0,71,1,248.61,3,1,1,311,Others
13062.0,190,1,346.98,2,1,2,212,Others
13063.0,480,1,188.4,1,1,1,111,At Risk
13064.0,12,6,1680.74,4,3,3,433,Loyal Customers
13065.0,372,6,1255.96,2,3,3,233,Loyal Customers
13066.0,23,3,430.9,4,2,2,422,Recent Customers
13067.0,81,3,508.51,3,2,2,322,Others
13068.0,9,2,344.0,4,1,2,412,Recent Customers
13069.0,0,42,8747.47,4,4,4,444,Champions
13070.0,191,5,743.9,2,3,2,232,Others
13071.0,611,1,129.22,1,1,1,111,At Risk
13072.0,266,1,177.15,2,1,1,211,Others
13073.0,410,2,418.08,1,1,2,112,At Risk
13074.0,510,5,1362.8400000000001,1,3,3,133,Loyal Customers
13075.0,129,1,919.61,2,1,3,213,Others
13076.0,457,1,135.4,1,1,1,111,At Risk
13077.0,0,14,3040.17,4,4,4,444,Champions
13078.0,0,95,28883.83,4,4,4,444,Champions
13079.0,3,6,419.18,4,3,2,432,Recent Customers
13080.0,178,5,260.83,2,3,1,231,Others
13081.0,0,44,58328.15,4,4,4,444,Champions
13082.0,125,25,7268.92,2,4,4,244,Loyal Customers
13083.0,3,3,395.43,4,2,2,422,Recent Customers
13084.0,487,2,116.44999999999999,1,1,1,111,At Risk
13085.0,157,10,1459.46,2,4,3,243,Loyal Customers
13086.0,382,1,439.33000000000004,1,1,2,112,At Risk
13087.0,725,1,313.64,1,1,1,111,At Risk
13088.0,416,1,236.11,1,1,1,111,At Risk
13089.0,2,247,113214.19,4,4,4,444,Champions
13090.0,8,30,13771.28,4,4,4,444,Champions
13091.0,20,6,-130.21999999999997,4,3,1,431,Recent Customers
13092.0,70,15,2007.33,3,4,3,343,Loyal Customers
13093.0,266,88,54073.729999999996,2,4,4,244,Loyal Customers
13094.0,20,17,2214.6600000000003,4,4,4,444,Champions
13095.0,70,1,74.39999999999999,3,1,1,311,Others
13096.0,393,1,419.70000000000005,1,1,2,112,At Risk
13097.0,32,40,12861.73,3,4,4,344,Loyal Customers
13098.0,0,41,28658.88,4,4,4,444,Champions
13099.0,98,1,207.35999999999999,2,1,1,211,Others
13100.0,624,1,-1598.67,1,1,1,111,At Risk
13101.0,233,4,695.4,2,2,2,222,Others
13102.0,0,42,11440.12,4,4,4,444,Champions
13103.0,39,3,709.64,3,2,2,322,Others
13104.0,2,9,1709.1,4,4,3,443,Loyal Customers
13105.0,435,1,72.0,1,1,1,111,At Risk
13106.0,128,3,586.46,2,2,2,222,Others
13107.0,43,15,5109.62,3,4,4,344,Loyal Customers
13108.0,372,2,1098.52,2,1,3,213,Others
13109.0,2,7,1107.58,4,3,3,433,Loyal Customers
13110.0,30,14,2896.17,3,4,4,344,Loyal Customers
13111.0,718,1,321.88000000000005,1,1,1,111,At Risk
13112.0,540,3,-5.44,1,2,1,121,At Risk
13113.0,0,60,16600.25,4,4,4,444,Champions
13114.0,730,1,234.38,1,1,1,111,At Risk
13115.0,8,23,5374.45,4,4,4,444,Champions
13116.0,116,2,485.19,2,1,2,212,Others
13117.0,21,19,2642.11,4,4,4,444,Champions
13118.0,19,12,2334.1,4,4,4,444,Champions
13119.0,668,1,134.9,1,1,1,111,At Risk
13120.0,238,1,30.599999999999998,2,1,1,211,Others
13121.0,268,2,254.73,2,1,1,211,Others
13122.0,93,2,922.39,3,1,3,313,Others
13123.0,472,2,506.75,1,1,2,112,At Risk
13124.0,89,4,4782.45,3,2,4,324,Others
13125.0,523,1,158.57,1,1,1,111,At Risk
13126.0,4,19,3902.47,4,4,4,444,Champions
13127.0,77,1,259.17,3,1,1,311,Others
13128.0,630,1,263.5,1,1,1,111,At Risk
13129.0,451,2,233.25,1,1,1,111,At Risk
13130.0,93,1,64.0,3,1,1,311,Others
13131.0,22,8,3279.77,4,3,4,434,Loyal Customers
13132.0,261,1,77.3,2,1,1,211,Others
13133.0,273,3,200.45000000000002,2,2,1,221,Others
13134.0,72,9,2422.28,3,4,4,344,Loyal Customers
13135.0,196,2,3371.45,2,1,4,214,Others
13136.0,49,24,6077.8,3,4,4,344,Loyal Customers
13137.0,10,17,7667.37,4,4,4,444,Champions
13138.0,21,8,1454.49,4,3,3,433,Loyal Customers
13139.0,15,9,8193.83,4,4,4,444,Champions
13140.0,107,5,1215.68,2,3,3,233,Loyal Customers
13141.0,84,21,7536.63,3,4,4,344,Loyal Customers
13142.0,18,1,307.09,4,1,1,411,Recent Customers
13143.0,581,2,399.2,1,1,2,112,At Risk
13144.0,332,2,135.35,2,1,1,211,Others
13145.0,39,8,1419.77,3,3,3,333,Loyal Customers
13146.0,25,1,228.91,3,1,1,311,Others
13147.0,9,4,712.8000000000001,4,2,2,422,Recent Customers
13148.0,28,36,8123.6,3,4,4,344,Loyal Customers
13149.0,13,4,1676.06,4,2,3,423,Recent Customers
13150.0,470,4,435.02,1,2,2,122,At Risk
13151.0,202,5,2511.69,2,3,4,234,Loyal Customers
13152.0,416,9,2114.98,1,4,3,143,Loyal Customers
13153.0,5,1,486.22,4,1,2,412,Recent Customers
13154.0,143,5,997.4300000000001,2,3,3,233,Loyal Customers
13155.0,32,6,1750.18,3,3,3,333,Loyal Customers
13156.0,384,3,1586.54,1,2,3,123,At Risk
13157.0,48,10,5667.71,3,4,4,344,Loyal Customers
13158.0,94,5,1508.18,3,3,3,333,Loyal Customers
13159.0,8,5,1379.75,4,3,3,433,Loyal Customers
13160.0,21,1,91.8,4,1,1,411,Recent Customers
13161.0,312,2,478.88,2,1,2,212,Others
13162.0,121,19,9116.94,2,4,4,244,Loyal Customers
13163.0,609,2,0.0,1,1,1,111,At Risk
13164.0,568,3,297.46000000000004,1,2,1,121,At Risk
13165.0,45,3,1451.16,3,2,3,323,Others
13166.0,281,3,881.68,2,2,3,223,Others
13167.0,18,5,1125.15,4,3,3,433,Loyal Customers
13168.0,35,6,1866.26,3,3,3,333,Loyal Customers
13169.0,63,3,840.08,3,2,2,322,Others
13170.0,26,1,116.00999999999999,3,1,1,311,Others
13171.0,7,5,426.81,4,3,2,432,Recent Customers
13172.0,399,1,69.6,1,1,1,111,At Risk
13173.0,3,13,2620.5,4,4,4,444,Champions
13174.0,15,12,9494.84,4,4,4,444,Champions
13175.0,553,4,793.1,1,2,2,122,At Risk
13176.0,45,1,492.84,3,1,2,312,Others
13177.0,64,2,512.2,3,1,2,312,Others
13178.0,25,25,13997.89,3,4,4,344,Loyal Customers
13179.0,618,1,572.3100000000001,1,1,2,112,At Risk
13180.0,606,1,86.10000000000001,1,1,1,111,At Risk
13181.0,380,1,359.69,2,1,2,212,Others
13182.0,44,1,121.18,3,1,1,311,Others
13183.0,7,18,7010.88,4,4,4,444,Champions
13184.0,14,12,1648.79,4,4,3,443,Loyal Customers
13185.0,267,1,71.4,2,1,1,211,Others
13186.0,39,5,1539.69,3,3,3,333,Loyal Customers
13187.0,336,5,348.31,2,3,2,232,Others
13188.0,10,1,114.60000000000001,4,1,1,411,Recent Customers
13189.0,18,2,260.68,4,1,1,411,Recent Customers
13190.0,543,4,518.76,1,2,2,122,At Risk
13191.0,657,1,164.69,1,1,1,111,At Risk
13192.0,94,8,2544.53,3,3,4,334,Loyal Customers
13193.0,60,1,117.88,3,1,1,311,Others
13194.0,135,2,472.78,2,1,2,212,Others
13195.0,413,1,172.38,1,1,1,111,At Risk
13196.0,10,8,3059.64,4,3,4,434,Loyal Customers
13197.0,609,1,373.01000000000005,1,1,2,112,At Risk
13198.0,9,12,4912.28,4,4,4,444,Champions
13199.0,3,69,16404.98,4,4,4,444,Champions
13200.0,18,4,870.09,4,2,3,423,Recent Customers
13201.0,501,4,1240.6100000000001,1,2,3,123,At Risk
13202.0,378,8,1571.35,2,3,3,233,Loyal Customers
13203.0,9,11,2630.55,4,4,4,444,Champions
13204.0,730,1,966.6600000000001,1,1,3,113,At Risk
13205.0,442,1,2803.2,1,1,4,114,At Risk
13206.0,399,15,8280.13,1,4,4,144,Loyal Customers
13207.0,14,4,535.86,4,2,2,422,Recent Customers
13208.0,58,10,1970.5,3,4,3,343,Loyal Customers
13209.0,29,16,8438.06,3,4,4,344,Loyal Customers
13210.0,93,1,353.48,3,1,2,312,Others
13211.0,9,12,2706.87,4,4,4,444,Champions
13212.0,8,4,780.58,4,2,2,422,Recent Customers
13213.0,56,14,3834.62,3,4,4,344,Loyal Customers
13214.0,417,7,3264.23,1,3,4,134,Loyal Customers
13215.0,401,1,81.6,1,1,1,111,At Risk
13216.0,267,1,333.74,2,1,2,212,Others
13217.0,121,6,266.12,2,3,1,231,Others
13218.0,126,1,62.63999999999999,2,1,1,211,Others
13219.0,617,1,76.23,1,1,1,111,At Risk
13220.0,77,5,1336.0900000000001,3,3,3,333,Loyal Customers
13221.0,239,2,847.41,2,1,3,213,Others
13222.0,576,1,88.5,1,1,1,111,At Risk
13223.0,199,6,969.1200000000001,2,3,3,233,Loyal Customers
13224.0,59,3,2150.85,3,2,3,323,Others
13225.0,2,17,15879.27,4,4,4,444,Champions
13226.0,272,2,312.46,2,1,1,211,Others
13227.0,201,1,257.7,2,1,1,211,Others
13228.0,80,1,358.0,3,1,2,312,Others
13229.0,225,1,160.95,2,1,1,211,Others
13230.0,3,31,6317.22,4,4,4,444,Champions
13231.0,545,1,-355.2,1,1,1,111,At Risk
13232.0,12,7,1357.6,4,3,3,433,Loyal Customers
13233.0,73,4,1176.46,3,2,3,323,Others
13234.0,672,2,356.95,1,1,2,112,At Risk
13235.0,211,2,101.17000000000007,2,1,1,211,Others
13236.0,24,3,727.27,4,2,2,422,Recent Customers
13237.0,387,1,643.0,1,1,2,112,At Risk
13238.0,10,7,986.73,4,3,3,433,Loyal Customers
13239.0,261,6,1579.84,2,3,3,233,Loyal Customers
13240.0,95,9,1661.17,3,4,3,343,Loyal Customers
13241.0,411,1,115.58,1,1,1,111,At Risk
13242.0,111,7,699.4,2,3,2,232,Others
13243.0,202,5,1278.04,2,3,3,233,Loyal Customers
13244.0,92,1,121.74000000000001,3,1,1,311,Others
13245.0,50,2,989.22,3,1,3,313,Others
13246.0,17,14,3277.68,4,4,4,444,Champions
13247.0,17,4,501.12,4,2,2,422,Recent Customers
13248.0,124,2,465.68,2,1,2,212,Others
13249.0,91,9,1608.93,3,4,3,343,Loyal Customers
13250.0,452,3,248.54000000000002,1,2,1,121,At Risk
13251.0,401,1,252.68,1,1,1,111,At Risk
13252.0,393,3,341.3,1,2,2,122,At Risk
13253.0,156,4,2951.11,2,2,4,224,Others
13254.0,375,1,51.410000000000004,2,1,1,211,Others
13255.0,3,4,895.61,4,2,3,423,Recent Customers
13256.0,13,1,0.0,4,1,1,411,Recent Customers
13257.0,427,3,117.95,1,2,1,121,At Risk
13258.0,11,5,1035.18,4,3,3,433,Loyal Customers
13259.0,61,9,1433.38,3,4,3,343,Loyal Customers
13260.0,60,1,557.62,3,1,2,312,Others
13261.0,268,2,944.1,2,1,3,213,Others
13262.0,262,3,573.45,2,2,2,222,Others
13263.0,0,39,8704.69,4,4,4,444,Champions
13264.0,442,1,722.5600000000001,1,1,2,112,At Risk
13265.0,52,5,2107.66,3,3,3,333,Loyal Customers
13266.0,10,30,5965.3,4,4,4,444,Champions
13267.0,2,50,9512.210000000001,4,4,4,444,Champions
13268.0,17,15,3167.64,4,4,4,444,Champions
13269.0,0,30,8861.39,4,4,4,444,Champions
13270.0,365,1,1180.0,2,1,3,213,Others
13271.0,36,2,178.26,3,1,1,311,Others
13272.0,30,2,276.56,3,1,1,311,Others
13273.0,112,1,138.98,2,1,1,211,Others
13274.0,408,1,360.85,1,1,2,112,At Risk
13275.0,383,2,241.66,1,1,1,111,At Risk
13276.0,63,7,1918.56,3,3,3,333,Loyal Customers
13277.0,15,7,523.3,4,3,2,432,Recent Customers
13278.0,40,5,1428.2,3,3,3,333,Loyal Customers
13279.0,63,2,126.30000000000001,3,1,1,311,Others
13280.0,121,8,2297.13,2,3,4,234,Loyal Customers
13281.0,436,3,306.45,1,2,1,121,At Risk
13282.0,17,7,1228.89,4,3,3,433,Loyal Customers
13283.0,59,4,373.36,3,2,2,322,Others
13284.0,322,2,196.15,2,1,1,211,Others
13285.0,22,6,3364.59,4,3,4,434,Loyal Customers
13286.0,599,1,734.91,1,1,2,112,At Risk
13287.0,582,7,519.67,1,3,2,132,At Risk
13288.0,442,6,892.16,1,3,3,133,Loyal Customers
13289.0,723,1,307.95,1,1,1,111,At Risk
13290.0,430,3,-208.63,1,2,1,121,At Risk
13291.0,155,11,3320.84,2,4,4,244,Loyal Customers
13292.0,38,6,987.79,3,3,3,333,Loyal Customers
13293.0,391,7,1180.34,1,3,3,133,Loyal Customers
13294.0,189,3,1689.53,2,2,3,223,Others
13295.0,359,9,1058.02,2,4,3,243,Loyal Customers
13296.0,136,6,792.51,2,3,2,232,Others
13297.0,7,8,4352.67,4,3,4,434,Loyal Customers
13298.0,0,1,360.0,4,1,2,412,Recent Customers
13299.0,267,5,1173.3,2,3,3,233,Loyal Customers
13300.0,164,5,1267.21,2,3,3,233,Loyal Customers
13301.0,103,4,618.09,2,2,2,222,Others
13302.0,154,2,159.2,2,1,1,211,Others
13303.0,399,1,61.72,1,1,1,111,At Risk
13304.0,350,7,1120.79,2,3,3,233,Loyal Customers
13305.0,3,16,3754.71,4,4,4,444,Champions
13306.0,429,1,53.65,1,1,1,111,At Risk
13307.0,119,3,273.34,2,2,1,221,Others
13308.0,22,5,1652.47,4,3,3,433,Loyal Customers
13309.0,6,6,1706.3700000000001,4,3,3,433,Loyal Customers
13310.0,8,8,1492.8,4,3,3,433,Loyal Customers
13311.0,3,2,598.57,4,1,2,412,Recent Customers
13312.0,450,1,124.75,1,1,1,111,At Risk
13313.0,21,15,3423.27,4,4,4,444,Champions
13314.0,1,4,578.66,4,2,2,422,Recent Customers
13315.0,688,1,310.26,1,1,1,111,At Risk
13316.0,36,12,12906.93,3,4,4,344,Loyal Customers
13317.0,63,31,6068.531,3,4,4,344,Loyal Customers
13318.0,0,3,640.76,4,2,2,422,Recent Customers
13319.0,4,78,21706.09,4,4,4,444,Champions
13320.0,69,9,2160.95,3,4,3,343,Loyal Customers
13321.0,71,2,567.36,3,1,2,312,Others
13322.0,16,1,199.48000000000002,4,1,1,411,Recent Customers
13323.0,2,5,787.85,4,3,2,432,Recent Customers
13324.0,31,23,10421.369999999999,3,4,4,344,Loyal Customers
13325.0,81,1,675.3,3,1,2,312,Others
13326.0,431,1,281.76,1,1,1,111,At Risk
13327.0,38,22,9741.03,3,4,4,344,Loyal Customers
13328.0,315,1,1308.48,2,1,3,213,Others
13329.0,31,14,4977.0199999999995,3,4,4,344,Loyal Customers
13330.0,92,6,2806.18,3,3,4,334,Loyal Customers
13331.0,401,1,262.4,1,1,1,111,At Risk
13332.0,13,1,350.9,4,1,2,412,Recent Customers
13333.0,410,3,1015.74,1,2,3,123,At Risk
13334.0,81,6,6257.0,3,3,4,334,Loyal Customers
13335.0,539,1,-955.06,1,1,1,111,At Risk
13336.0,76,1,795.12,3,1,2,312,Others
13337.0,518,2,1548.55,1,1,3,113,At Risk
13338.0,153,10,2223.62,2,4,4,244,Loyal Customers
13339.0,200,1,860.12,2,1,3,213,Others
13340.0,44,12,22100.56,3,4,4,344,Loyal Customers
13341.0,260,1,775.85,2,1,2,212,Others
13342.0,581,1,-14.100000000000001,1,1,1,111,At Risk
13343.0,172,2,303.93,2,1,1,211,Others
13344.0,67,3,2543.72,3,2,4,324,Others
13345.0,276,2,377.6,2,1,2,212,Others
13346.0,462,6,299.4,1,3,1,131,At Risk
13347.0,69,1,341.36,3,1,2,312,Others
13348.0,63,1,233.76,3,1,1,311,Others
13349.0,10,1,247.32,4,1,1,411,Recent Customers
13350.0,15,3,910.72,4,2,3,423,Recent Customers
13351.0,65,1,373.94,3,1,2,312,Others
13352.0,7,2,389.28,4,1,2,412,Recent Customers
13353.0,388,1,-28.849999999999998,1,1,1,111,At Risk
13354.0,70,1,743.53,3,1,2,312,Others
13355.0,121,1,674.7,2,1,2,212,Others
13356.0,79,1,768.24,3,1,2,312,Others
13357.0,256,5,3838.36,2,3,4,234,Loyal Customers
13358.0,268,1,439.03,2,1,2,212,Others
13359.0,58,4,1001.96,3,2,3,323,Others
13360.0,427,7,1464.1,1,3,3,133,Loyal Customers
13361.0,471,2,1450.5,1,1,3,113,At Risk
13362.0,2,10,5357.57,4,4,4,444,Champions
13363.0,17,3,1723.86,4,2,3,423,Recent Customers
13364.0,66,2,0.0,3,1,1,311,Others
13365.0,8,4,2164.32,4,2,3,423,Recent Customers
13366.0,49,1,56.160000000000004,3,1,1,311,Others
13367.0,431,1,510.20000000000005,1,1,2,112,At Risk
13368.0,256,5,1086.1,2,3,3,233,Loyal Customers
13369.0,353,2,572.03,2,1,2,212,Others
13370.0,365,2,1442.64,2,1,3,213,Others
13371.0,498,4,2271.46,1,2,4,124,At Risk
13372.0,89,1,378.64,3,1,2,312,Others
13373.0,60,6,7587.1900000000005,3,3,4,334,Loyal Customers
13374.0,414,2,422.8,1,1,2,112,At Risk
13375.0,80,3,1786.48,3,2,3,323,Others
13376.0,98,3,1019.76,2,2,3,223,Others
13377.0,396,4,1495.43,1,2,3,123,At Risk
13378.0,422,1,-756.4,1,1,1,111,At Risk
13379.0,25,3,572.56,3,2,2,322,Others
13380.0,432,1,62.4,1,1,1,111,At Risk
13381.0,20,15,8185.02,4,4,4,444,Champions
13382.0,280,5,1387.58,2,3,3,233,Loyal Customers
13383.0,543,1,305.28000000000003,1,1,1,111,At Risk
13384.0,30,15,6635.09,3,4,4,344,Loyal Customers
13385.0,329,1,534.57,2,1,2,212,Others
13386.0,413,2,835.46,1,1,2,112,At Risk
13387.0,416,1,189.44,1,1,1,111,At Risk
13388.0,120,4,1135.7,2,2,3,223,Others
13389.0,10,3,797.96,4,2,2,422,Recent Customers
13390.0,74,1,544.08,3,1,2,312,Others
13391.0,203,1,59.8,2,1,1,211,Others
13392.0,676,1,91.14,1,1,1,111,At Risk
13393.0,583,6,1105.85,1,3,3,133,Loyal Customers
13394.0,1,24,6323.88,4,4,4,444,Champions
13395.0,184,3,1180.23,2,2,3,223,Others
13396.0,21,4,1325.29,4,2,3,423,Recent Customers
13397.0,72,13,3094.11,3,4,4,344,Loyal Customers
13398.0,191,2,670.34,2,1,2,212,Others
13399.0,463,3,275.4,1,2,1,121,At Risk
13400.0,573,2,300.93,1,1,1,111,At Risk
13401.0,623,1,-1834.14,1,1,1,111,At Risk
13402.0,126,4,1535.13,2,2,3,223,Others
13403.0,17,3,229.5,4,2,1,421,Recent Customers
13404.0,0,2,252.49,4,1,1,411,Recent Customers
13405.0,73,9,1196.561,3,4,3,343,Loyal Customers
13406.0,426,3,557.22,1,2,2,122,At Risk
13407.0,578,6,2111.89,1,3,3,133,Loyal Customers
13408.0,1,135,50852.852,4,4,4,444,Champions
13409.0,623,1,-525.65,1,1,1,111,At Risk
13410.0,8,12,2172.51,4,4,3,443,Loyal Customers
13411.0,106,1,213.55,2,1,1,211,Others
13412.0,619,1,487.34999999999997,1,1,2,112,At Risk
13413.0,639,8,345.8,1,3,2,132,At Risk
13414.0,133,7,2482.24,2,3,4,234,Loyal Customers
13415.0,472,5,681.92,1,3,2,132,At Risk
13416.0,43,3,940.8000000000001,3,2,3,323,Others
13417.0,4,7,1593.89,4,3,3,433,Loyal Customers
13418.0,11,37,11916.16,4,4,4,444,Champions
13419.0,63,1,221.06,3,1,1,311,Others
13420.0,134,4,140.35,2,2,1,221,Others
13421.0,39,11,4088.82,3,4,4,344,Loyal Customers
13422.0,50,2,2601.55,3,1,4,314,Others
13423.0,428,1,217.03,1,1,1,111,At Risk
13424.0,443,2,557.92,1,1,2,112,At Risk
13425.0,107,8,3375.9300000000003,2,3,4,234,Loyal Customers
13426.0,0,24,8076.76,4,4,4,444,Champions
13427.0,18,6,1006.53,4,3,3,433,Loyal Customers
13428.0,9,3,499.98,4,2,2,422,Recent Customers
13429.0,10,4,1006.8,4,2,3,423,Recent Customers
13430.0,18,4,648.6899999999999,4,2,2,422,Recent Customers
13431.0,66,9,3289.24,3,4,4,344,Loyal Customers
13432.0,570,2,439.1,1,1,2,112,At Risk
13433.0,436,5,656.87,1,3,2,132,At Risk
13434.0,73,5,1666.8600000000001,3,3,3,333,Loyal Customers
13435.0,4,11,4459.83,4,4,4,444,Champions
13436.0,1,1,196.89,4,1,1,411,Recent Customers
13437.0,13,7,3408.06,4,3,4,434,Loyal Customers
13438.0,546,1,46.5,1,1,1,111,At Risk
13439.0,254,3,986.61,2,2,3,223,Others
13440.0,422,10,1213.95,1,4,3,143,Loyal Customers
13441.0,91,2,720.9,3,1,2,312,Others
13442.0,666,3,419.87,1,2,2,122,At Risk
13443.0,448,7,1247.71,1,3,3,133,Loyal Customers
13444.0,373,2,631.6800000000001,2,1,2,212,Others
13445.0,625,1,241.89999999999998,1,1,1,111,At Risk
13446.0,419,18,3608.86,1,4,4,144,Loyal Customers
13447.0,22,4,1104.23,4,2,3,423,Recent Customers
13448.0,16,19,8447.75,4,4,4,444,Champions
13449.0,23,1,291.88,4,1,1,411,Recent Customers
13450.0,26,14,4117.54,3,4,4,344,Loyal Customers
13451.0,25,13,7119.97,3,4,4,344,Loyal Customers
13452.0,258,3,729.8,2,2,2,222,Others
13453.0,165,5,758.99,2,3,2,232,Others
13454.0,640,1,219.87,1,1,1,111,At Risk
13455.0,24,11,2773.82,4,4,4,444,Champions
13456.0,17,7,1737.8200000000002,4,3,3,433,Loyal Customers
13457.0,688,4,143.27,1,2,1,121,At Risk
13458.0,6,24,11850.62,4,4,4,444,Champions
13459.0,624,2,1160.4099999999999,1,1,3,113,At Risk
13460.0,28,2,183.44,3,1,1,311,Others
13461.0,38,8,4138.5,3,3,4,334,Loyal Customers
13462.0,182,6,1145.6,2,3,3,233,Loyal Customers
13463.0,419,1,-158.65,1,1,1,111,At Risk
13464.0,57,7,3083.89,3,3,4,334,Loyal Customers
13465.0,445,2,931.12,1,1,3,113,At Risk
13466.0,99,7,952.25,2,3,3,233,Loyal Customers
13467.0,10,2,1083.71,4,1,3,413,Recent Customers
13468.0,1,87,13091.61,4,4,4,444,Champions
13469.0,652,1,82.4,1,1,1,111,At Risk
13470.0,98,2,165.0,2,1,1,211,Others
13471.0,0,4,2531.58,4,2,4,424,Recent Customers
13472.0,463,2,592.24,1,1,2,112,At Risk
13473.0,60,10,2410.98,3,4,4,344,Loyal Customers
13474.0,235,3,663.79,2,2,2,222,Others
13475.0,190,4,1431.78,2,2,3,223,Others
13476.0,178,7,1915.77,2,3,3,233,Loyal Customers
13477.0,37,13,2821.12,3,4,4,344,Loyal Customers
13478.0,468,7,2068.03,1,3,3,133,Loyal Customers
13479.0,197,7,808.5,2,3,2,232,Others
13480.0,416,2,627.82,1,1,2,112,At Risk
13481.0,45,14,3798.84,3,4,4,344,Loyal Customers
13482.0,231,2,336.09,2,1,2,212,Others
13483.0,65,1,140.34,3,1,1,311,Others
13484.0,240,4,767.32,2,2,2,222,Others
13485.0,232,15,2957.92,2,4,4,244,Loyal Customers
13486.0,77,3,1122.41,3,2,3,323,Others
13487.0,57,5,846.87,3,3,3,333,Loyal Customers
13488.0,16,29,15513.73,4,4,4,444,Champions
13489.0,104,4,449.52,2,2,2,222,Others
13490.0,653,1,154.25,1,1,1,111,At Risk
13491.0,51,27,4566.56,3,4,4,344,Loyal Customers
13492.0,135,3,1269.84,2,2,3,223,Others
13493.0,274,2,618.63,2,1,2,212,Others
13494.0,311,1,316.26000000000005,2,1,1,211,Others
13495.0,7,13,5246.61,4,4,4,444,Champions
13496.0,10,3,617.93,4,2,2,422,Recent Customers
13497.0,282,7,1266.33,2,3,3,233,Loyal Customers
13498.0,729,1,327.38,1,1,2,112,At Risk
13499.0,17,7,1146.96,4,3,3,433,Loyal Customers
13500.0,22,5,1436.3,4,3,3,433,Loyal Customers
13501.0,242,5,2840.26,2,3,4,234,Loyal Customers
13502.0,16,6,774.6,4,3,2,432,Recent Customers
13503.0,70,12,1793.54,3,4,3,343,Loyal Customers
13504.0,63,1,295.93,3,1,1,311,Others
13505.0,67,8,4282.88,3,3,4,334,Loyal Customers
13506.0,311,8,1609.65,2,3,3,233,Loyal Customers
13507.0,2,4,2479.16,4,2,4,424,Recent Customers
13508.0,243,2,287.05,2,1,1,211,Others
13509.0,8,8,1114.72,4,3,3,433,Loyal Customers
13510.0,0,17,4488.39,4,4,4,444,Champions
13511.0,483,2,244.61,1,1,1,111,At Risk
13512.0,260,4,713.39,2,2,2,222,Others
13513.0,126,4,796.99,2,2,2,222,Others
13514.0,73,4,815.9000000000001,3,2,2,322,Others
13515.0,72,6,1265.82,3,3,3,333,Loyal Customers
13516.0,20,4,1685.26,4,2,3,423,Recent Customers
13517.0,59,5,2109.07,3,3,3,333,Loyal Customers
13518.0,85,1,659.4399999999999,3,1,2,312,Others
13519.0,49,3,331.26,3,2,2,322,Others
13520.0,58,15,6680.65,3,4,4,344,Loyal Customers
13521.0,0,3,1093.65,4,2,3,423,Recent Customers
13522.0,29,1,125.80000000000001,3,1,1,311,Others
13523.0,32,7,4892.02,3,3,4,334,Loyal Customers
13524.0,40,5,680.1800000000001,3,3,2,332,Others
13525.0,14,2,628.78,4,1,2,412,Recent Customers
13526.0,737,4,942.5999999999999,1,2,3,123,At Risk
13527.0,33,14,4650.04,3,4,4,344,Loyal Customers
13528.0,681,1,-40.0,1,1,1,111,At Risk
13529.0,78,2,307.76,3,1,1,311,Others
13530.0,633,1,402.97999999999996,1,1,2,112,At Risk
13531.0,204,6,1738.52,2,3,3,233,Loyal Customers
13532.0,33,1,210.31,3,1,1,311,Others
13533.0,182,3,270.79,2,2,1,221,Others
13534.0,1,60,7324.5,4,4,4,444,Champions
13535.0,402,1,89.5,1,1,1,111,At Risk
13536.0,0,7,3448.29,4,3,4,434,Loyal Customers
13537.0,425,2,717.85,1,1,2,112,At Risk
13538.0,42,12,3112.73,3,4,4,344,Loyal Customers
13539.0,85,9,1531.26,3,4,3,343,Loyal Customers
13540.0,466,3,632.39,1,2,2,122,At Risk
13541.0,422,3,717.9,1,2,2,122,At Risk
13542.0,376,18,3970.77,2,4,4,244,Loyal Customers
13543.0,633,2,1439.6100000000001,1,1,3,113,At Risk
13544.0,39,7,820.5,3,3,2,332,Others
13545.0,390,3,347.35,1,2,2,122,At Risk
13546.0,11,5,1092.14,4,3,3,433,Loyal Customers
13547.0,407,1,175.53,1,1,1,111,At Risk
13548.0,95,3,908.99,3,2,3,323,Others
13549.0,25,9,1003.72,3,4,3,343,Loyal Customers
13550.0,382,1,349.51,1,1,2,112,At Risk
13551.0,318,2,244.2,2,1,1,211,Others
13552.0,65,32,6618.63,3,4,4,344,Loyal Customers
13553.0,674,1,517.8,1,1,2,112,At Risk
13554.0,379,10,1556.3899999999999,2,4,3,243,Loyal Customers
13555.0,73,16,8906.34,3,4,4,344,Loyal Customers
13556.0,428,2,200.82,1,1,1,111,At Risk
13557.0,27,16,2980.08,3,4,4,344,Loyal Customers
13558.0,5,4,605.06,4,2,2,422,Recent Customers
13559.0,512,2,990.0,1,1,3,113,At Risk
13560.0,6,1,174.37,4,1,1,411,Recent Customers
13561.0,215,11,1820.72,2,4,3,243,Loyal Customers
13562.0,81,8,4838.18,3,3,4,334,Loyal Customers
13563.0,83,2,777.53,3,1,2,312,Others
13564.0,143,54,15786.720000000001,2,4,4,244,Loyal Customers
13565.0,18,3,414.8,4,2,2,422,Recent Customers
13566.0,40,5,1708.1200000000001,3,3,3,333,Loyal Customers
13567.0,427,5,1078.59,1,3,3,133,Loyal Customers
13568.0,172,1,192.85,2,1,1,211,Others
13569.0,16,4,893.78,4,2,3,423,Recent Customers
13570.0,242,1,239.49,2,1,1,211,Others
13571.0,12,26,4546.54,4,4,4,444,Champions
13572.0,205,1,1384.25,2,1,3,213,Others
13573.0,49,6,916.47,3,3,3,333,Loyal Customers
13574.0,410,1,421.25,1,1,2,112,At Risk
13575.0,22,5,732.0699999999999,4,3,2,432,Recent Customers
13576.0,9,32,11516.15,4,4,4,444,Champions
13577.0,24,14,3346.62,4,4,4,444,Champions
13578.0,408,1,147.66,1,1,1,111,At Risk
13579.0,14,6,1535.84,4,3,3,433,Loyal Customers
13580.0,405,1,107.75,1,1,1,111,At Risk
13581.0,308,2,280.53000000000003,2,1,1,211,Others
13582.0,389,2,241.68,1,1,1,111,At Risk
13583.0,155,2,1445.031,2,1,3,213,Others
13584.0,306,5,347.15,2,3,2,232,Others
13585.0,530,4,674.46,1,2,2,122,At Risk
13586.0,540,1,131.53,1,1,1,111,At Risk
13587.0,31,6,1308.1,3,3,3,333,Loyal Customers
13588.0,15,13,2445.12,4,4,4,444,Champions
13589.0,14,6,1120.74,4,3,3,433,Loyal Customers
13590.0,10,21,6298.29,4,4,4,444,Champions
13591.0,64,8,2081.19,3,3,3,333,Loyal Customers
13592.0,35,4,247.95999999999998,3,2,1,321,Others
13593.0,107,16,5475.21,2,4,4,244,Loyal Customers
13594.0,52,3,508.42,3,2,2,322,Others
13595.0,516,3,818.22,1,2,2,122,At Risk
13596.0,5,2,697.04,4,1,2,412,Recent Customers
13597.0,387,3,372.21,1,2,2,122,At Risk
13598.0,46,6,776.84,3,3,2,332,Others
13599.0,0,52,9790.34,4,4,4,444,Champions
13600.0,311,2,518.42,2,1,2,212,Others
13601.0,44,4,1185.14,3,2,3,323,Others
13602.0,64,4,1025.17,3,2,3,323,Others
13603.0,25,1,164.34,3,1,1,311,Others
13604.0,651,2,713.39,1,1,2,112,At Risk
13605.0,386,2,522.67,1,1,2,112,At Risk
13606.0,28,3,280.53999999999996,3,2,1,321,Others
13607.0,39,3,1060.6100000000001,3,2,3,323,Others
13608.0,540,1,236.2,1,1,1,111,At Risk
13609.0,592,1,167.35,1,1,1,111,At Risk
13610.0,11,17,2144.13,4,4,3,443,Loyal Customers
13611.0,88,14,3281.03,3,4,4,344,Loyal Customers
13612.0,517,2,777.79,1,1,2,112,At Risk
13613.0,452,5,1039.8500000000001,1,3,3,133,Loyal Customers
13614.0,23,6,2359.19,4,3,4,434,Loyal Customers
13615.0,312,12,6212.2300000000005,2,4,4,244,Loyal Customers
13616.0,567,2,288.1,1,1,1,111,At Risk
13617.0,39,9,1263.8,3,4,3,343,Loyal Customers
13618.0,173,1,177.34,2,1,1,211,Others
13619.0,544,2,231.69,1,1,1,111,At Risk
13620.0,527,1,112.34,1,1,1,111,At Risk
13621.0,116,1,213.85,2,1,1,211,Others
13622.0,688,2,651.45,1,1,2,112,At Risk
13623.0,30,15,2446.36,3,4,4,344,Loyal Customers
13624.0,380,2,427.18,2,1,2,212,Others
13625.0,596,1,301.26,1,1,1,111,At Risk
13626.0,252,3,689.49,2,2,2,222,Others
13627.0,58,10,2217.55,3,4,4,344,Loyal Customers
13628.0,675,1,310.14,1,1,1,111,At Risk
13629.0,22,19,13370.86,4,4,4,444,Champions
13630.0,4,11,1995.68,4,4,3,443,Loyal Customers
13631.0,99,12,3021.77,2,4,4,244,Loyal Customers
13632.0,24,10,3634.7000000000003,4,4,4,444,Champions
13633.0,602,1,-306.66,1,1,1,111,At Risk
13634.0,32,17,4519.55,3,4,4,344,Loyal Customers
13635.0,67,6,2948.22,3,3,4,334,Loyal Customers
13636.0,36,6,941.62,3,3,3,333,Loyal Customers
13637.0,51,3,810.5,3,2,2,322,Others
13638.0,15,1,122.64,4,1,1,411,Recent Customers
13639.0,73,2,1346.27,3,1,3,313,Others
13640.0,610,1,405.0,1,1,2,112,At Risk
13641.0,640,7,921.82,1,3,3,133,Loyal Customers
13642.0,215,5,501.97,2,3,2,232,Others
13643.0,30,15,2112.17,3,4,3,343,Loyal Customers
13644.0,8,5,2597.52,4,3,4,434,Loyal Customers
13645.0,119,1,252.1,2,1,1,211,Others
13646.0,399,3,323.3,1,2,1,121,At Risk
13647.0,9,9,3063.78,4,4,4,444,Champions
13648.0,399,11,1679.01,1,4,3,143,Loyal Customers
13649.0,256,6,1678.88,2,3,3,233,Loyal Customers
13650.0,16,16,3098.5,4,4,4,444,Champions
13651.0,34,4,208.95,3,2,1,321,Others
13652.0,45,5,2570.85,3,3,4,334,Loyal Customers
13653.0,487,1,152.2,1,1,1,111,At Risk
13654.0,42,11,6308.0,3,4,4,344,Loyal Customers
13655.0,113,8,2259.3,2,3,4,234,Loyal Customers
13656.0,164,7,1053.35,2,3,3,233,Loyal Customers
13657.0,10,2,382.14,4,1,2,412,Recent Customers
13658.0,9,13,5772.07,4,4,4,444,Champions
13659.0,196,17,4716.63,2,4,4,244,Loyal Customers
13660.0,395,2,303.69,1,1,1,111,At Risk
13661.0,602,1,325.24,1,1,2,112,At Risk
13662.0,85,17,2183.13,3,4,4,344,Loyal Customers
13663.0,178,6,2013.6100000000001,2,3,3,233,Loyal Customers
13664.0,681,1,-13.14,1,1,1,111,At Risk
13665.0,385,3,1711.6599999999999,1,2,3,123,At Risk
13666.0,59,5,127.89999999999999,3,3,1,331,Others
13667.0,148,1,305.02,2,1,1,211,Others
13668.0,2,47,12749.14,4,4,4,444,Champions
13669.0,50,3,413.55,3,2,2,322,Others
13670.0,74,1,349.7,3,1,2,312,Others
13671.0,394,1,194.95,1,1,1,111,At Risk
13672.0,300,7,162.07000000000002,2,3,1,231,Others
13673.0,18,2,396.92,4,1,2,412,Recent Customers
13674.0,429,2,215.88,1,1,1,111,At Risk
13675.0,150,2,486.82000000000005,2,1,2,212,Others
13676.0,538,3,153.15,1,2,1,121,At Risk
13677.0,404,2,556.1899999999999,1,1,2,112,At Risk
13678.0,151,1,232.6,2,1,1,211,Others
13679.0,493,3,281.26,1,2,1,121,At Risk
13680.0,0,13,9915.56,4,4,4,444,Champions
13681.0,17,4,827.83,4,2,2,422,Recent Customers
13682.0,186,1,59.5,2,1,1,211,Others
13683.0,457,1,258.6,1,1,1,111,At Risk
13684.0,285,6,546.52,2,3,2,232,Others
13685.0,2,7,3119.44,4,3,4,434,Loyal Customers
13686.0,182,3,409.04,2,2,2,222,Others
13687.0,437,1,11880.84,1,1,4,114,At Risk
13688.0,634,1,375.5,1,1,2,112,At Risk
13689.0,62,2,1259.5,3,1,3,313,Others
13690.0,58,1,172.25,3,1,1,311,Others
13691.0,395,1,212.78,1,1,1,111,At Risk
13692.0,24,8,3016.4500000000003,4,3,4,434,Loyal Customers
13693.0,324,13,1948.32,2,4,3,243,Loyal Customers
13694.0,3,164,190825.52,4,4,4,444,Champions
13695.0,30,16,2770.73,3,4,4,344,Loyal Customers
13696.0,421,4,2008.7,1,2,3,123,At Risk
13697.0,38,1,151.29999999999998,3,1,1,311,Others
13698.0,596,2,465.53000000000003,1,1,2,112,At Risk
13699.0,154,3,711.4,2,2,2,222,Others
13700.0,25,14,2586.21,3,4,4,344,Loyal Customers
13701.0,436,2,159.55,1,1,1,111,At Risk
13702.0,445,1,135.18,1,1,1,111,At Risk
13703.0,317,3,99.5,2,2,1,221,Others
13704.0,4,10,2295.31,4,4,4,444,Champions
13705.0,7,7,2035.33,4,3,3,433,Loyal Customers
13706.0,302,2,631.17,2,1,2,212,Others
13707.0,266,5,3365.86,2,3,4,234,Loyal Customers
13708.0,270,1,296.88,2,1,1,211,Others
13709.0,3,22,7512.81,4,4,4,444,Champions
13710.0,31,3,509.52,3,2,2,322,Others
13711.0,218,15,1632.6100000000001,2,4,3,243,Loyal Customers
13712.0,246,2,766.42,2,1,2,212,Others
13713.0,407,3,743.26,1,2,2,122,At Risk
13714.0,464,1,161.35,1,1,1,111,At Risk
13715.0,280,21,8438.34,2,4,4,244,Loyal Customers
13716.0,268,1,138.28,2,1,1,211,Others
13717.0,31,11,1748.05,3,4,3,343,Loyal Customers
13718.0,245,2,306.55,2,1,1,211,Others
13719.0,14,11,2815.25,4,4,4,444,Champions
13720.0,116,4,799.9,2,2,2,222,Others
13721.0,35,2,741.54,3,1,2,312,Others
13722.0,119,11,5629.16,2,4,4,244,Loyal Customers
13723.0,216,6,1209.2,2,3,3,233,Loyal Customers
13724.0,636,1,213.01,1,1,1,111,At Risk
13725.0,49,11,1809.81,3,4,3,343,Loyal Customers
13726.0,38,2,1079.6599999999999,3,1,3,313,Others
13727.0,28,9,1067.3,3,4,3,343,Loyal Customers
13728.0,36,16,2855.17,3,4,4,344,Loyal Customers
13729.0,435,5,676.4300000000001,1,3,2,132,At Risk
13730.0,135,2,752.6,2,1,2,212,Others
13731.0,218,2,610.59,2,1,2,212,Others
13732.0,27,1,491.86,3,1,2,312,Others
13733.0,410,3,484.53000000000003,1,2,2,122,At Risk
13734.0,508,6,3451.2900000000004,1,3,4,134,Loyal Customers
13735.0,24,22,9472.81,4,4,4,444,Champions
13736.0,4,12,2715.01,4,4,4,444,Champions
13737.0,199,1,339.59999999999997,2,1,2,212,Others
13738.0,395,1,440.93,1,1,2,112,At Risk
13739.0,17,2,292.2,4,1,1,411,Recent Customers
13740.0,240,5,1597.77,2,3,3,233,Loyal Customers
13741.0,71,4,666.33,3,2,2,322,Others
13742.0,16,14,3102.42,4,4,4,444,Champions
13743.0,2,8,1340.1499999999999,4,3,3,433,Loyal Customers
13744.0,94,2,1156.36,3,1,3,313,Others
13745.0,150,4,761.27,2,2,2,222,Others
13746.0,413,1,176.69,1,1,1,111,At Risk
13747.0,373,2,249.39999999999998,2,1,1,211,Others
13748.0,95,9,2268.35,3,4,4,344,Loyal Customers
13749.0,700,1,-10.25,1,1,1,111,At Risk
13750.0,53,13,3563.6,3,4,4,344,Loyal Customers
13751.0,287,1,296.25,2,1,1,211,Others
13752.0,123,7,1590.73,2,3,3,233,Loyal Customers
13753.0,287,4,2094.57,2,2,3,223,Others
13754.0,151,3,447.05,2,2,2,222,Others
13755.0,3,10,2154.68,4,4,3,443,Loyal Customers
13756.0,1,25,9147.2,4,4,4,444,Champions
13757.0,674,1,195.55,1,1,1,111,At Risk
13758.0,11,19,9263.14,4,4,4,444,Champions
13759.0,32,2,659.4100000000001,3,1,2,312,Others
13760.0,53,6,1358.6399999999999,3,3,3,333,Loyal Customers
13761.0,49,6,1952.17,3,3,3,333,Loyal Customers
13762.0,203,6,2165.76,2,3,3,233,Loyal Customers
13763.0,62,6,5181.99,3,3,4,334,Loyal Customers
13764.0,70,6,2953.26,3,3,4,334,Loyal Customers
13765.0,652,1,352.821,1,1,2,112,At Risk
13766.0,494,1,190.35,1,1,1,111,At Risk
13767.0,1,96,35115.68,4,4,4,444,Champions
13768.0,563,8,758.07,1,3,2,132,At Risk
13769.0,1,29,5766.63,4,4,4,444,Champions
13770.0,421,4,785.37,1,2,2,122,At Risk
13771.0,63,10,5726.07,3,4,4,344,Loyal Customers
13772.0,33,9,3094.72,3,4,4,344,Loyal Customers
13773.0,396,2,301.54,1,1,1,111,At Risk
13774.0,81,1,345.0,3,1,2,312,Others
13775.0,590,1,1049.66,1,1,3,113,At Risk
13776.0,427,8,-340.17,1,3,1,131,At Risk
13777.0,0,73,56016.57,4,4,4,444,Champions
13778.0,102,5,1116.54,2,3,3,233,Loyal Customers
13779.0,515,1,161.13,1,1,1,111,At Risk
13780.0,6,3,735.82,4,2,2,422,Recent Customers
13781.0,250,4,770.88,2,2,2,222,Others
13782.0,12,14,1785.77,4,4,3,443,Loyal Customers
13783.0,487,4,1542.09,1,2,3,123,At Risk
13784.0,9,15,2897.18,4,4,4,444,Champions
13785.0,428,4,542.49,1,2,2,122,At Risk
13786.0,366,8,2736.41,2,3,4,234,Loyal Customers
13787.0,75,9,1173.7,3,4,3,343,Loyal Customers
13788.0,504,1,3.75,1,1,1,111,At Risk
13789.0,387,1,239.45999999999998,1,1,1,111,At Risk
13790.0,3,1,348.8,4,1,2,412,Recent Customers
13791.0,42,3,1047.68,3,2,3,323,Others
13792.0,65,3,383.95,3,2,2,322,Others
13793.0,646,1,96.0,1,1,1,111,At Risk
13794.0,546,1,126.03,1,1,1,111,At Risk
13795.0,387,4,836.3,1,2,2,122,At Risk
13796.0,498,1,289.7,1,1,1,111,At Risk
13797.0,436,4,1168.45,1,2,3,123,At Risk
13798.0,0,125,73573.47,4,4,4,444,Champions
13799.0,116,13,2039.82,2,4,3,243,Loyal Customers
13800.0,309,3,1679.56,2,2,3,223,Others
13801.0,66,1,324.8,3,1,1,311,Others
13802.0,137,24,25491.56,2,4,4,244,Loyal Customers
13803.0,254,4,1319.1100000000001,2,2,3,223,Others
13804.0,30,9,3208.52,3,4,4,344,Loyal Customers
13805.0,51,2,924.6,3,1,3,313,Others
13806.0,63,1,256.38,3,1,1,311,Others
13807.0,366,4,509.9,2,2,2,222,Others
13808.0,5,5,1747.66,4,3,3,433,Loyal Customers
13809.0,304,3,679.7,2,2,2,222,Others
13810.0,28,4,899.51,3,2,3,323,Others
13811.0,183,4,591.75,2,2,2,222,Others
13812.0,41,3,539.0,3,2,2,322,Others
13813.0,39,12,2686.42,3,4,4,344,Loyal Customers
13814.0,55,5,2239.07,3,3,4,334,Loyal Customers
13815.0,21,10,7285.79,4,4,4,444,Champions
13816.0,23,4,555.04,4,2,2,422,Recent Customers
13817.0,28,2,382.98,3,1,2,312,Others
13818.0,429,1,61.28,1,1,1,111,At Risk
13819.0,301,7,2631.1,2,3,4,234,Loyal Customers
13820.0,417,5,640.4,1,3,2,132,At Risk
13821.0,144,7,1387.03,2,3,3,233,Loyal Customers
13822.0,5,2,632.0,4,1,2,412,Recent Customers
13823.0,18,8,3358.55,4,3,4,434,Loyal Customers
13824.0,32,14,3273.36,3,4,4,344,Loyal Customers
13825.0,621,2,255.59,1,1,1,111,At Risk
13826.0,157,2,174.65,2,1,1,211,Others
13827.0,57,3,412.05,3,2,2,322,Others
13828.0,21,1,209.49,4,1,1,411,Recent Customers
13829.0,358,2,0.0,2,1,1,211,Others
13830.0,573,2,135.95000000000002,1,1,1,111,At Risk
13831.0,15,20,7009.18,4,4,4,444,Champions
13832.0,17,3,602.4399999999999,4,2,2,422,Recent Customers
13833.0,158,2,701.36,2,1,2,212,Others
13834.0,576,3,247.89,1,2,1,121,At Risk
13835.0,24,8,1044.82,4,3,3,433,Loyal Customers
13836.0,398,3,602.52,1,2,2,122,At Risk
13837.0,211,2,271.24,2,1,1,211,Others
13838.0,5,10,1966.09,4,4,3,443,Loyal Customers
13839.0,485,1,139.95000000000002,1,1,1,111,At Risk
13840.0,415,1,651.4,1,1,2,112,At Risk
13841.0,252,1,85.0,2,1,1,211,Others
13842.0,58,19,5604.96,3,4,4,344,Loyal Customers
13843.0,380,1,319.75,2,1,1,211,Others
13844.0,10,1,361.62,4,1,2,412,Recent Customers
13845.0,64,1,312.98,3,1,1,311,Others
13846.0,24,5,1290.34,4,3,3,433,Loyal Customers
13847.0,719,1,310.72,1,1,1,111,At Risk
13848.0,91,8,3335.0,3,3,4,334,Loyal Customers
13849.0,51,6,3443.8,3,3,4,334,Loyal Customers
13850.0,87,2,1586.81,3,1,3,313,Others
13851.0,95,9,4516.76,3,4,4,344,Loyal Customers
13852.0,606,2,170.45000000000002,1,1,1,111,At Risk
13853.0,8,2,1056.94,4,1,3,413,Recent Customers
13854.0,8,45,12158.21,4,4,4,444,Champions
13855.0,500,5,1253.94,1,3,3,133,Loyal Customers
13856.0,168,15,1058.88,2,4,3,243,Loyal Customers
13857.0,392,7,997.11,1,3,3,133,Loyal Customers
13858.0,56,1,216.17,3,1,1,311,Others
13859.0,325,2,515.86,2,1,2,212,Others
13860.0,0,6,1240.0,4,3,3,433,Loyal Customers
13861.0,428,3,251.31,1,2,1,121,At Risk
13862.0,17,11,2534.04,4,4,4,444,Champions
13863.0,244,6,1217.63,2,3,3,233,Loyal Customers
13864.0,386,1,662.4000000000001,1,1,2,112,At Risk
13865.0,57,4,501.56,3,2,2,322,Others
13866.0,73,1,145.67000000000002,3,1,1,311,Others
13867.0,30,3,1015.29,3,2,3,323,Others
13868.0,6,2,3192.54,4,1,4,414,Recent Customers
13869.0,122,10,8111.57,2,4,4,244,Loyal Customers
13870.0,1,18,5689.84,4,4,4,444,Champions
13871.0,22,21,7804.95,4,4,4,444,Champions
13872.0,512,6,891.32,1,3,3,133,Loyal Customers
13873.0,119,9,1031.02,2,4,3,243,Loyal Customers
13874.0,357,10,1989.2,2,4,3,243,Loyal Customers
13875.0,53,14,4814.37,3,4,4,344,Loyal Customers
13876.0,63,1,122.7,3,1,1,311,Others
13877.0,85,5,446.33,3,3,2,332,Others
13878.0,54,4,2473.06,3,2,4,324,Others
13879.0,645,1,395.5,1,1,2,112,At Risk
13880.0,20,17,4391.66,4,4,4,444,Champions
13881.0,3,51,44392.5,4,4,4,444,Champions
13882.0,2,6,1131.28,4,3,3,433,Loyal Customers
13883.0,0,26,6342.74,4,4,4,444,Champions
13884.0,6,14,1852.38,4,4,3,443,Loyal Customers
13885.0,188,2,506.8,2,1,2,212,Others
13886.0,70,1,243.56,3,1,1,311,Others
13887.0,203,1,349.55,2,1,2,212,Others
13888.0,119,7,2169.05,2,3,3,233,Loyal Customers
13889.0,92,8,1855.73,3,3,3,333,Loyal Customers
13890.0,0,22,2858.73,4,4,4,444,Champions
13891.0,377,3,863.5600000000001,2,2,3,223,Others
13892.0,26,6,1267.6499999999999,3,3,3,333,Loyal Customers
13893.0,297,1,821.1,2,1,2,212,Others
13894.0,21,5,535.97,4,3,2,432,Recent Customers
13895.0,20,8,3923.62,4,3,4,434,Loyal Customers
13896.0,625,1,388.55,1,1,2,112,At Risk
13897.0,49,3,1160.72,3,2,3,323,Others
13898.0,325,2,686.4,2,1,2,212,Others
13899.0,15,2,388.52,4,1,2,412,Recent Customers
13900.0,182,7,1608.09,2,3,3,233,Loyal Customers
13901.0,71,20,5599.34,3,4,4,344,Loyal Customers
13902.0,631,8,30411.26,1,3,4,134,Loyal Customers
13903.0,399,1,165.45000000000002,1,1,1,111,At Risk
13904.0,36,2,332.64,3,1,2,312,Others
13905.0,570,3,244.45,1,2,1,121,At Risk
13906.0,408,1,42.0,1,1,1,111,At Risk
13907.0,691,1,136.8,1,1,1,111,At Risk
13908.0,79,5,2347.05,3,3,4,334,Loyal Customers
13909.0,422,2,286.6,1,1,1,111,At Risk
13910.0,442,1,-127.66,1,1,1,111,At Risk
13911.0,56,22,4200.04,3,4,4,344,Loyal Customers
13912.0,423,1,124.95,1,1,1,111,At Risk
13913.0,506,1,42.22,1,1,1,111,At Risk
13914.0,3,3,613.95,4,2,2,422,Recent Customers
13915.0,393,2,31.200000000000003,1,1,1,111,At Risk
13916.0,463,5,1260.51,1,3,3,133,Loyal Customers
13917.0,49,2,272.04,3,1,1,311,Others
13918.0,49,2,1212.8400000000001,3,1,3,313,Others
13919.0,52,5,1326.03,3,3,3,333,Loyal Customers
13920.0,431,5,1734.88,1,3,3,133,Loyal Customers
13921.0,398,5,720.75,1,3,2,132,At Risk
13922.0,351,5,824.7,2,3,2,232,Others
13923.0,53,1,351.13,3,1,2,312,Others
13924.0,1,11,1682.08,4,4,3,443,Loyal Customers
13925.0,35,6,616.65,3,3,2,332,Others
13926.0,22,1,223.85000000000002,4,1,1,411,Recent Customers
13927.0,74,3,689.96,3,2,2,322,Others
13928.0,10,4,464.57,4,2,2,422,Recent Customers
13929.0,168,14,3318.1,2,4,4,244,Loyal Customers
13930.0,57,2,337.34,3,1,2,312,Others
13931.0,85,12,5250.78,3,4,4,344,Loyal Customers
13932.0,294,1,307.4,2,1,1,211,Others
13933.0,108,2,608.7900000000001,2,1,2,212,Others
13934.0,263,1,922.1,2,1,3,213,Others
13935.0,596,3,6116.92,1,2,4,124,At Risk
13936.0,170,4,924.36,2,2,3,223,Others
13937.0,168,3,867.38,2,2,3,223,Others
13938.0,34,1,71.66,3,1,1,311,Others
13939.0,22,10,1533.66,4,4,3,443,Loyal Customers
13940.0,16,4,839.14,4,2,2,422,Recent Customers
13941.0,21,17,10846.15,4,4,4,444,Champions
13942.0,534,1,320.0,1,1,1,111,At Risk
13943.0,577,1,246.54,1,1,1,111,At Risk
13944.0,652,1,200.43,1,1,1,111,At Risk
13945.0,394,2,854.15,1,1,3,113,At Risk
13946.0,78,7,1745.43,3,3,3,333,Loyal Customers
13947.0,64,1,90.6,3,1,1,311,Others
13948.0,360,5,536.86,2,3,2,232,Others
13949.0,2,6,2427.32,4,3,4,434,Loyal Customers
13950.0,10,5,728.56,4,3,2,432,Recent Customers
13951.0,175,3,674.45,2,2,2,222,Others
13952.0,210,17,12790.891,2,4,4,244,Loyal Customers
13953.0,6,12,6640.68,4,4,4,444,Champions
13954.0,1,3,378.59,4,2,2,422,Recent Customers
13955.0,153,3,545.17,2,2,2,222,Others
13956.0,4,5,1026.42,4,3,3,433,Loyal Customers
13957.0,417,3,458.25,1,2,2,122,At Risk
13958.0,371,12,4402.33,2,4,4,244,Loyal Customers
13959.0,78,6,1076.18,3,3,3,333,Loyal Customers
13960.0,20,2,230.22,4,1,1,411,Recent Customers
13961.0,384,2,498.7,1,1,2,112,At Risk
13962.0,21,3,362.8,4,2,2,422,Recent Customers
13963.0,307,18,2899.62,2,4,4,244,Loyal Customers
13964.0,386,3,421.9,1,2,2,122,At Risk
13965.0,454,5,777.6600000000001,1,3,2,132,At Risk
13966.0,434,1,390.86,1,1,2,112,At Risk
13967.0,145,2,166.3,2,1,1,211,Others
13968.0,422,1,123.66,1,1,1,111,At Risk
13969.0,6,39,13212.77,4,4,4,444,Champions
13970.0,385,2,846.55,1,1,3,113,At Risk
13971.0,8,18,4593.83,4,4,4,444,Champions
13972.0,70,2,190.25,3,1,1,311,Others
13973.0,286,1,264.7,2,1,1,211,Others
13974.0,48,4,663.52,3,2,2,322,Others
13975.0,30,14,5327.29,3,4,4,344,Loyal Customers
13976.0,206,4,1192.36,2,2,3,223,Others
13977.0,410,1,519.8100000000001,1,1,2,112,At Risk
13978.0,14,2,196.79000000000002,4,1,1,411,Recent Customers
13979.0,72,11,3326.83,3,4,4,344,Loyal Customers
13980.0,59,9,753.12,3,4,2,342,Others
13981.0,400,2,327.39,1,1,2,112,At Risk
13982.0,38,13,4418.79,3,4,4,344,Loyal Customers
13983.0,29,30,6993.41,3,4,4,344,Loyal Customers
13984.0,26,13,1616.1200000000001,3,4,3,343,Loyal Customers
13985.0,3,24,9982.31,4,4,4,444,Champions
13986.0,16,1,320.46,4,1,1,411,Recent Customers
13987.0,379,2,682.54,2,1,2,212,Others
13988.0,19,11,4708.64,4,4,4,444,Champions
13989.0,65,5,2026.06,3,3,3,333,Loyal Customers
13990.0,212,1,311.3,2,1,1,211,Others
13991.0,11,7,850.63,4,3,3,433,Loyal Customers
13992.0,29,3,219.5,3,2,1,321,Others
13993.0,31,24,6690.36,3,4,4,344,Loyal Customers
13994.0,3,6,2313.14,4,3,4,434,Loyal Customers
13995.0,14,18,3836.26,4,4,4,444,Champions
13996.0,385,2,895.76,1,1,3,113,At Risk
13997.0,518,3,382.31,1,2,2,122,At Risk
13998.0,446,3,566.7,1,2,2,122,At Risk
13999.0,9,36,9438.01,4,4,4,444,Champions
14000.0,205,8,1877.5900000000001,2,3,3,233,Loyal Customers
14001.0,45,10,4517.34,3,4,4,344,Loyal Customers
14002.0,133,2,529.73,2,1,2,212,Others
14003.0,732,1,209.41,1,1,1,111,At Risk
14004.0,42,11,6258.45,3,4,4,344,Loyal Customers
14005.0,9,5,2874.72,4,3,4,434,Loyal Customers
14006.0,115,7,2196.67,2,3,4,234,Loyal Customers
14007.0,512,1,79.48,1,1,1,111,At Risk
14008.0,374,2,493.74,2,1,2,212,Others
14009.0,197,4,1090.23,2,2,3,223,Others
14010.0,564,3,288.09999999999997,1,2,1,121,At Risk
14011.0,479,3,451.91999999999996,1,2,2,122,At Risk
14012.0,277,1,328.8,2,1,2,212,Others
14013.0,109,6,1006.22,2,3,3,233,Loyal Customers
14014.0,76,3,1948.21,3,2,3,323,Others
14015.0,52,1,917.34,3,1,3,313,Others
14016.0,153,13,11379.71,2,4,4,244,Loyal Customers
14017.0,570,1,229.75,1,1,1,111,At Risk
14018.0,644,1,367.15000000000003,1,1,2,112,At Risk
14019.0,46,4,1398.96,3,2,3,323,Others
14020.0,16,5,1213.26,4,3,3,433,Loyal Customers
14021.0,154,7,1716.58,2,3,3,233,Loyal Customers
14022.0,224,2,792.15,2,1,2,212,Others
14023.0,6,2,584.07,4,1,2,412,Recent Customers
14024.0,121,3,645.74,2,2,2,222,Others
14025.0,464,10,3969.1,1,4,4,144,Loyal Customers
14026.0,470,2,713.11,1,1,2,112,At Risk
14027.0,60,1,104.82,3,1,1,311,Others
14028.0,498,5,3175.5,1,3,4,134,Loyal Customers
14029.0,62,2,467.66,3,1,2,312,Others
14030.0,17,22,8145.59,4,4,4,444,Champions
14031.0,6,55,38025.97,4,4,4,444,Champions
14032.0,1,25,4786.07,4,4,4,444,Champions
14033.0,554,1,109.44,1,1,1,111,At Risk
14034.0,21,4,512.02,4,2,2,422,Recent Customers
14035.0,28,11,2852.47,3,4,4,344,Loyal Customers
14036.0,284,1,626.65,2,1,2,212,Others
14037.0,175,7,755.95,2,3,2,232,Others
14038.0,77,8,3000.93,3,3,4,334,Loyal Customers
14039.0,32,2,267.28000000000003,3,1,1,311,Others
14040.0,40,42,12457.84,3,4,4,344,Loyal Customers
14041.0,265,1,141.41,2,1,1,211,Others
14042.0,724,1,431.98,1,1,2,112,At Risk
14043.0,490,3,301.3,1,2,1,121,At Risk
14044.0,26,11,3106.15,3,4,4,344,Loyal Customers
14045.0,108,19,9660.63,2,4,4,244,Loyal Customers
14046.0,283,1,154.99,2,1,1,211,Others
14047.0,8,19,4158.7300000000005,4,4,4,444,Champions
14048.0,276,4,713.89,2,2,2,222,Others
14049.0,16,18,13064.03,4,4,4,444,Champions
14050.0,31,2,746.36,3,1,2,312,Others
14051.0,0,42,22104.5,4,4,4,444,Champions
14052.0,19,2,480.81,4,1,2,412,Recent Customers
14053.0,123,4,572.3,2,2,2,222,Others
14054.0,64,1,92.46,3,1,1,311,Others
14055.0,105,3,1520.96,2,2,3,223,Others
14056.0,0,29,8124.4,4,4,4,444,Champions
14057.0,23,23,8338.28,4,4,4,444,Champions
14058.0,462,2,469.19,1,1,2,112,At Risk
14059.0,266,1,183.6,2,1,1,211,Others
14060.0,4,32,9503.14,4,4,4,444,Champions
14061.0,506,3,917.4300000000001,1,2,3,123,At Risk
14062.0,9,27,25434.83,4,4,4,444,Champions
14063.0,430,13,-3767.1999999999994,1,4,1,141,At Risk
14064.0,28,21,3039.75,3,4,4,344,Loyal Customers
14065.0,388,4,889.37,1,2,3,123,At Risk
14066.0,266,1,152.55,2,1,1,211,Others
14067.0,63,2,374.7,3,1,2,312,Others
14068.0,319,5,1504.97,2,3,3,233,Loyal Customers
14069.0,514,2,230.06,1,1,1,111,At Risk
14070.0,684,1,326.55,1,1,2,112,At Risk
14071.0,3,9,1307.41,4,4,3,443,Loyal Customers
14072.0,666,1,390.85,1,1,2,112,At Risk
14073.0,20,2,139.54,4,1,1,411,Recent Customers
14074.0,622,1,219.39999999999998,1,1,1,111,At Risk
14075.0,4,6,1734.87,4,3,3,433,Loyal Customers
14076.0,128,1,122.47,2,1,1,211,Others
14077.0,40,6,615.0799999999999,3,3,2,332,Others
14078.0,101,9,1692.6299999999999,2,4,3,243,Loyal Customers
14079.0,124,2,618.73,2,1,2,212,Others
14080.0,32,6,1075.73,3,3,3,333,Loyal Customers
14081.0,266,16,5250.05,2,4,4,244,Loyal Customers
14082.0,364,2,413.36,2,1,2,212,Others
14083.0,3,11,1407.26,4,4,3,443,Loyal Customers
14084.0,511,1,150.5,1,1,1,111,At Risk
14085.0,1,34,10092.22,4,4,4,444,Champions
14086.0,462,1,39.95,1,1,1,111,At Risk
14087.0,2,5,803.47,4,3,2,432,Recent Customers
14088.0,9,20,62400.02,4,4,4,444,Champions
14089.0,56,1,161.0,3,1,1,311,Others
14090.0,324,1,76.32000000000001,2,1,1,211,Others
14091.0,653,2,9530.08,1,1,4,114,At Risk
14092.0,7,27,7209.74,4,4,4,444,Champions
14093.0,11,1,442.85,4,1,2,412,Recent Customers
14094.0,439,2,334.27,1,1,2,112,At Risk
14095.0,722,1,2.95,1,1,1,111,At Risk
14096.0,3,34,57120.909999999996,4,4,4,444,Champions
14097.0,480,2,422.85999999999996,1,1,2,112,At Risk
14098.0,36,1,147.35,3,1,1,311,Others
14099.0,15,22,5700.51,4,4,4,444,Champions
14100.0,137,1,194.9,2,1,1,211,Others
14101.0,73,14,9942.13,3,4,4,344,Loyal Customers
14102.0,4,8,1314.73,4,3,3,433,Loyal Customers
14103.0,664,1,0.0,1,1,1,111,At Risk
14104.0,154,5,771.5799999999999,2,3,2,232,Others
14105.0,84,9,5703.9800000000005,3,4,4,344,Loyal Customers
14106.0,736,1,214.79999999999998,1,1,1,111,At Risk
14107.0,51,13,4853.7,3,4,4,344,Loyal Customers
14108.0,30,5,1041.21,3,3,3,333,Loyal Customers
14109.0,22,2,80.2,4,1,1,411,Recent Customers
14110.0,3,35,12957.6,4,4,4,444,Champions
14111.0,13,5,688.6,4,3,2,432,Recent Customers
14112.0,22,27,5524.51,4,4,4,444,Champions
14113.0,3,31,6156.75,4,4,4,444,Champions
14114.0,273,7,1364.09,2,3,3,233,Loyal Customers
14115.0,501,2,622.6700000000001,1,1,2,112,At Risk
14116.0,19,5,1382.74,4,3,3,433,Loyal Customers
14117.0,143,1,90.0,2,1,1,211,Others
14118.0,428,1,458.45,1,1,2,112,At Risk
14119.0,353,3,163.47,2,2,1,221,Others
14120.0,429,1,-23.8,1,1,1,111,At Risk
14121.0,3,6,2740.3,4,3,4,434,Loyal Customers
14122.0,394,5,309.77,1,3,1,131,At Risk
14123.0,732,1,436.18,1,1,2,112,At Risk
14124.0,83,1,419.58000000000004,3,1,2,312,Others
14125.0,10,3,2740.43,4,2,4,424,Recent Customers
14126.0,7,5,1109.96,4,3,3,433,Loyal Customers
14127.0,122,6,1900.0800000000002,2,3,3,233,Loyal Customers
14128.0,60,4,909.36,3,2,3,323,Others
14129.0,1,9,2591.34,4,4,4,444,Champions
14130.0,318,4,1882.67,2,2,3,223,Others
14131.0,648,1,187.87,1,1,1,111,At Risk
14132.0,1,12,3580.13,4,4,4,444,Champions
14133.0,129,6,895.8399999999999,2,3,3,233,Loyal Customers
14134.0,382,15,11123.35,1,4,4,144,Loyal Customers
14135.0,1,25,9605.05,4,4,4,444,Champions
14136.0,400,7,1553.96,1,3,3,133,Loyal Customers
14137.0,681,2,294.1,1,1,1,111,At Risk
14138.0,1,2,982.3800000000001,4,1,3,413,Recent Customers
14139.0,45,4,1086.8,3,2,3,323,Others
14140.0,3,3,920.05,4,2,3,423,Recent Customers
14141.0,2,6,879.0300000000001,4,3,3,433,Loyal Customers
14142.0,372,4,967.75,2,2,3,223,Others
14143.0,133,1,115.8,2,1,1,211,Others
14144.0,485,1,30.599999999999998,1,1,1,111,At Risk
14145.0,46,8,7006.05,3,3,4,334,Loyal Customers
14146.0,8,13,8208.87,4,4,4,444,Champions
14147.0,48,12,2019.3,3,4,3,343,Loyal Customers
14148.0,233,2,466.29,2,1,2,212,Others
14149.0,212,3,259.43,2,2,1,221,Others
14150.0,35,2,658.64,3,1,2,312,Others
14151.0,672,3,666.7,1,2,2,122,At Risk
14152.0,74,9,1975.44,3,4,3,343,Loyal Customers
14153.0,482,1,233.4,1,1,1,111,At Risk
14154.0,238,10,6263.6,2,4,4,244,Loyal Customers
14155.0,265,1,118.75,2,1,1,211,Others
14156.0,9,202,296564.69,4,4,4,444,Champions
14157.0,19,6,970.33,4,3,3,433,Loyal Customers
14158.0,39,1,507.66,3,1,2,312,Others
14159.0,19,25,7571.88,4,4,4,444,Champions
14160.0,609,7,8421.47,1,3,4,134,Loyal Customers
14161.0,215,7,3318.88,2,3,4,234,Loyal Customers
14162.0,173,2,289.36,2,1,1,211,Others
14163.0,86,5,2594.62,3,3,4,334,Loyal Customers
14164.0,70,2,1631.77,3,1,3,313,Others
14165.0,275,1,122.53999999999999,2,1,1,211,Others
14166.0,504,2,256.85,1,1,1,111,At Risk
14167.0,38,8,1296.49,3,3,3,333,Loyal Customers
14168.0,420,3,305.9,1,2,1,121,At Risk
14169.0,430,2,624.4300000000001,1,1,2,112,At Risk
14170.0,374,3,597.33,2,2,2,222,Others
14171.0,97,2,498.79,2,1,2,212,Others
14172.0,604,4,389.97,1,2,2,122,At Risk
14173.0,10,7,566.95,4,3,2,432,Recent Customers
14174.0,32,1,134.46,3,1,1,311,Others
14175.0,50,17,7350.44,3,4,4,344,Loyal Customers
14176.0,296,6,913.11,2,3,3,233,Loyal Customers
14177.0,84,14,2224.39,3,4,4,344,Loyal Customers
14178.0,8,7,1620.93,4,3,3,433,Loyal Customers
14179.0,40,2,719.78,3,1,2,312,Others
14180.0,10,42,6110.75,4,4,4,444,Champions
14181.0,410,2,310.55,1,1,1,111,At Risk
14182.0,443,5,660.07,1,3,2,132,At Risk
14183.0,410,2,286.29,1,1,1,111,At Risk
14184.0,66,1,452.89,3,1,2,312,Others
14185.0,330,1,197.65,2,1,1,211,Others
14186.0,426,5,1550.63,1,3,3,133,Loyal Customers
14187.0,473,1,123.5,1,1,1,111,At Risk
14188.0,8,10,2018.91,4,4,3,443,Loyal Customers
14189.0,1,25,5764.62,4,4,4,444,Champions
14190.0,665,1,79.9,1,1,1,111,At Risk
14191.0,1,17,4713.41,4,4,4,444,Champions
14192.0,387,1,293.74,1,1,1,111,At Risk
14193.0,67,3,1210.19,3,2,3,323,Others
14194.0,4,54,18442.87,4,4,4,444,Champions
14195.0,201,10,2381.24,2,4,4,244,Loyal Customers
14196.0,106,1,335.52,2,1,2,212,Others
14197.0,410,1,390.05,1,1,2,112,At Risk
14198.0,3,13,1527.58,4,4,3,443,Loyal Customers
14199.0,217,6,916.4999999999999,2,3,3,233,Loyal Customers
14200.0,616,1,379.2,1,1,2,112,At Risk
14201.0,59,12,1134.14,3,4,3,343,Loyal Customers
14202.0,380,3,847.76,2,2,3,223,Others
14203.0,396,1,339.34,1,1,2,112,At Risk
14204.0,1,4,1062.96,4,2,3,423,Recent Customers
14205.0,10,12,1908.38,4,4,3,443,Loyal Customers
14206.0,238,5,1145.21,2,3,3,233,Loyal Customers
14207.0,687,1,157.8,1,1,1,111,At Risk
14208.0,94,2,567.05,3,1,2,312,Others
14209.0,10,19,4937.37,4,4,4,444,Champions
14210.0,90,21,5814.320000000001,3,4,4,344,Loyal Customers
14211.0,52,26,4301.69,3,4,4,344,Loyal Customers
14212.0,89,2,2190.14,3,1,4,314,Others
14213.0,371,2,-1192.2,2,1,1,211,Others
14214.0,30,7,1000.23,3,3,3,333,Loyal Customers
14215.0,11,10,3404.53,4,4,4,444,Champions
14216.0,2,6,2142.39,4,3,3,433,Loyal Customers
14217.0,1,33,3206.87,4,4,4,444,Champions
14218.0,42,1,169.48000000000002,3,1,1,311,Others
14219.0,3,3,633.83,4,2,2,422,Recent Customers
14220.0,246,4,1515.0,2,2,3,223,Others
14221.0,41,19,6506.59,3,4,4,344,Loyal Customers
14222.0,176,1,683.17,2,1,2,212,Others
14223.0,91,4,975.23,3,2,3,323,Others
14224.0,109,9,1897.9,2,4,3,243,Loyal Customers
14225.0,434,5,2015.12,1,3,3,133,Loyal Customers
14226.0,28,9,2967.78,3,4,4,344,Loyal Customers
14227.0,25,22,6327.31,3,4,4,344,Loyal Customers
14228.0,437,3,745.5,1,2,2,122,At Risk
14229.0,51,11,2468.99,3,4,4,344,Loyal Customers
14230.0,435,3,979.8000000000001,1,2,3,123,At Risk
14231.0,178,6,1131.97,2,3,3,233,Loyal Customers
14232.0,31,8,2043.93,3,3,3,333,Loyal Customers
14233.0,43,10,2766.96,3,4,4,344,Loyal Customers
14234.0,21,4,775.46,4,2,2,422,Recent Customers
14235.0,9,10,4666.99,4,4,4,444,Champions
14236.0,80,7,1732.74,3,3,3,333,Loyal Customers
14237.0,372,3,627.04,2,2,2,222,Others
14238.0,325,3,434.23,2,2,2,222,Others
14239.0,42,24,4203.72,3,4,4,344,Loyal Customers
14240.0,29,3,1247.49,3,2,3,323,Others
14241.0,183,2,333.70000000000005,2,1,2,212,Others
14242.0,234,2,280.55,2,1,1,211,Others
14243.0,8,23,7365.36,4,4,4,444,Champions
14244.0,658,2,354.82,1,1,2,112,At Risk
14245.0,175,5,1677.48,2,3,3,233,Loyal Customers
14246.0,110,3,1474.06,2,2,3,223,Others
14247.0,277,6,769.71,2,3,2,232,Others
14248.0,317,3,1032.95,2,2,3,223,Others
14249.0,410,12,5625.461,1,4,4,144,Loyal Customers
14250.0,6,3,1904.05,4,2,3,423,Recent Customers
14251.0,1,5,2879.7000000000003,4,3,4,434,Loyal Customers
14252.0,380,1,350.99,2,1,2,212,Others
14253.0,492,2,363.40000000000003,1,1,2,112,At Risk
14254.0,432,1,601.03,1,1,2,112,At Risk
14255.0,545,4,-1441.6,1,2,1,121,At Risk
14256.0,253,9,2397.34,2,4,4,244,Loyal Customers
14257.0,50,10,5942.0,3,4,4,344,Loyal Customers
14258.0,8,32,31027.35,4,4,4,444,Champions
14259.0,141,1,120.0,2,1,1,211,Others
14260.0,470,3,824.28,1,2,2,122,At Risk
14261.0,50,2,1163.45,3,1,3,313,Others
14262.0,7,8,2618.23,4,3,4,434,Loyal Customers
14263.0,422,1,322.93,1,1,1,111,At Risk
14264.0,154,8,1461.3600000000001,2,3,3,233,Loyal Customers
14265.0,108,4,1373.35,2,2,3,223,Others
14266.0,427,1,40.56,1,1,1,111,At Risk
14267.0,150,9,1259.19,2,4,3,243,Loyal Customers
14268.0,470,1,354.85,1,1,2,112,At Risk
14269.0,434,2,261.68,1,1,1,111,At Risk
14270.0,331,1,492.65000000000003,2,1,2,212,Others
14271.0,225,2,219.13,2,1,1,211,Others
14272.0,73,4,920.81,3,2,3,323,Others
14273.0,50,4,559.97,3,2,2,322,Others
14274.0,685,1,256.6,1,1,1,111,At Risk
14275.0,395,6,1189.3799999999999,1,3,3,133,Loyal Customers
14276.0,87,13,1929.32,3,4,3,343,Loyal Customers
14277.0,14,14,4324.47,4,4,4,444,Champions
14278.0,409,1,205.83,1,1,1,111,At Risk
14279.0,520,2,191.86,1,1,1,111,At Risk
14280.0,196,1,134.04,2,1,1,211,Others
14281.0,407,1,245.15,1,1,1,111,At Risk
14282.0,2,26,7844.66,4,4,4,444,Champions
14283.0,462,4,628.4399999999999,1,2,2,122,At Risk
14284.0,30,4,1282.85,3,2,3,323,Others
14285.0,20,9,3158.64,4,4,4,444,Champions
14286.0,23,12,8396.7,4,4,4,444,Champions
14287.0,7,4,151.23000000000002,4,2,1,421,Recent Customers
14288.0,211,2,413.85,2,1,2,212,Others
14289.0,8,6,911.26,4,3,3,433,Loyal Customers
14290.0,10,14,4208.93,4,4,4,444,Champions
14291.0,1,25,7844.4,4,4,4,444,Champions
14292.0,7,27,8887.9,4,4,4,444,Champions
14293.0,2,10,3174.33,4,4,4,444,Champions
14294.0,406,1,375.34,1,1,2,112,At Risk
14295.0,39,8,2316.06,3,3,4,334,Loyal Customers
14296.0,413,3,448.45,1,2,2,122,At Risk
14297.0,17,6,1284.06,4,3,3,433,Loyal Customers
14298.0,2,84,90489.31,4,4,4,444,Champions
14299.0,7,41,12827.77,4,4,4,444,Champions
14300.0,18,1,43.2,4,1,1,411,Recent Customers
14301.0,107,7,1956.23,2,3,3,233,Loyal Customers
14302.0,430,3,742.9000000000001,1,2,2,122,At Risk
14303.0,406,2,277.94,1,1,1,111,At Risk
14304.0,222,5,1523.81,2,3,3,233,Loyal Customers
14305.0,70,5,1803.76,3,3,3,333,Loyal Customers
14306.0,50,7,3141.5,3,3,4,334,Loyal Customers
14307.0,88,11,5063.08,3,4,4,344,Loyal Customers
14308.0,548,5,-849.45,1,3,1,131,At Risk
14309.0,7,12,3747.96,4,4,4,444,Champions
14310.0,432,1,492.1,1,1,2,112,At Risk
14311.0,224,3,435.90000000000003,2,2,2,222,Others
14312.0,46,11,3090.29,3,4,4,344,Loyal Customers
14313.0,623,1,-302.31,1,1,1,111,At Risk
14314.0,106,3,221.9,2,2,1,221,Others
14315.0,20,10,3168.72,4,4,4,444,Champions
14316.0,421,6,1355.34,1,3,3,133,Loyal Customers
14317.0,64,1,508.58000000000004,3,1,2,312,Others
14318.0,459,1,158.02,1,1,1,111,At Risk
14319.0,423,2,476.95000000000005,1,1,2,112,At Risk
14320.0,206,7,1204.1200000000001,2,3,3,233,Loyal Customers
14321.0,10,8,2198.58,4,3,4,434,Loyal Customers
14322.0,426,6,384.3,1,3,2,132,At Risk
14323.0,114,4,574.26,2,2,2,222,Others
14324.0,409,2,701.61,1,1,2,112,At Risk
14325.0,569,1,245.48000000000002,1,1,1,111,At Risk
14326.0,234,4,923.98,2,2,3,223,Others
14327.0,162,6,1894.93,2,3,3,233,Loyal Customers
14328.0,430,3,-445.06,1,2,1,121,At Risk
14329.0,8,28,9735.52,4,4,4,444,Champions
14330.0,623,1,200.63,1,1,1,111,At Risk
14331.0,123,2,462.65999999999997,2,1,2,212,Others
14332.0,22,5,1943.51,4,3,3,433,Loyal Customers
14333.0,63,2,351.45,3,1,2,312,Others
14334.0,16,14,4292.98,4,4,4,444,Champions
14335.0,15,2,468.26,4,1,2,412,Recent Customers
14336.0,16,4,1614.91,4,2,3,423,Recent Customers
14337.0,730,1,-658.63,1,1,1,111,At Risk
14338.0,157,5,894.1,2,3,3,233,Loyal Customers
14339.0,234,5,600.66,2,3,2,232,Others
14340.0,218,1,134.7,2,1,1,211,Others
14341.0,44,20,4443.47,3,4,4,344,Loyal Customers
14342.0,20,9,842.74,4,4,2,442,Recent Customers
14343.0,420,4,1088.91,1,2,3,123,At Risk
14344.0,126,20,3333.7000000000003,2,4,4,244,Loyal Customers
14345.0,38,1,108.97999999999999,3,1,1,311,Others
14346.0,120,5,2315.75,2,3,4,234,Loyal Customers
14347.0,736,1,82.6,1,1,1,111,At Risk
14348.0,259,1,409.57,2,1,2,212,Others
14349.0,9,1,133.5,4,1,1,411,Recent Customers
14350.0,270,4,947.8,2,2,3,223,Others
14351.0,164,1,51.0,2,1,1,211,Others
14352.0,156,4,1078.96,2,2,3,223,Others
14353.0,214,3,376.5,2,2,2,222,Others
14354.0,5,2,163.62,4,1,1,411,Recent Customers
14355.0,365,3,1014.45,2,2,3,223,Others
14356.0,59,4,666.9399999999999,3,2,2,322,Others
14357.0,42,1,225.77,3,1,1,311,Others
14358.0,388,3,384.29999999999995,1,2,2,122,At Risk
14359.0,18,6,882.58,4,3,3,433,Loyal Customers
14360.0,31,4,2128.23,3,2,3,323,Others
14361.0,578,1,214.70999999999998,1,1,1,111,At Risk
14362.0,21,1,161.2,4,1,1,411,Recent Customers
14363.0,401,2,227.47000000000003,1,1,1,111,At Risk
14364.0,108,8,3717.35,2,3,4,234,Loyal Customers
14365.0,394,2,634.68,1,1,2,112,At Risk
14366.0,524,1,136.0,1,1,1,111,At Risk
14367.0,7,19,9167.82,4,4,4,444,Champions
14368.0,319,1,155.0,2,1,1,211,Others
14369.0,641,2,469.13,1,1,2,112,At Risk
14370.0,450,9,1092.13,1,4,3,143,Loyal Customers
14371.0,294,1,100.5,2,1,1,211,Others
14372.0,442,3,830.1800000000001,1,2,2,122,At Risk
14373.0,357,1,76.55,2,1,1,211,Others
14374.0,540,1,108.0,1,1,1,111,At Risk
14375.0,184,3,1132.99,2,2,3,223,Others
14376.0,682,1,215.46,1,1,1,111,At Risk
14377.0,190,2,617.05,2,1,2,212,Others
14378.0,621,1,131.25,1,1,1,111,At Risk
14379.0,43,4,1268.91,3,2,3,323,Others
14380.0,602,2,-99.72999999999999,1,1,1,111,At Risk
14381.0,51,2,631.34,3,1,2,312,Others
14382.0,25,3,1240.85,3,2,3,323,Others
14383.0,37,3,1247.69,3,2,3,323,Others
14384.0,500,1,58.5,1,1,1,111,At Risk
14385.0,8,3,202.11,4,2,1,421,Recent Customers
14386.0,296,1,142.4,2,1,1,211,Others
14387.0,32,3,1770.56,3,2,3,323,Others
14388.0,8,20,6589.3,4,4,4,444,Champions
14389.0,8,11,1821.07,4,4,3,443,Loyal Customers
14390.0,9,18,6323.33,4,4,4,444,Champions
14391.0,576,1,135.6,1,1,1,111,At Risk
14392.0,431,1,266.4,1,1,1,111,At Risk
14393.0,217,1,67.95,2,1,1,211,Others
14394.0,564,1,93.8,1,1,1,111,At Risk
14395.0,1,24,8160.81,4,4,4,444,Champions
14396.0,64,7,2121.93,3,3,3,333,Loyal Customers
14397.0,0,23,2556.68,4,4,4,444,Champions
14398.0,400,2,707.79,1,1,2,112,At Risk
14399.0,393,9,2098.16,1,4,3,143,Loyal Customers
14400.0,140,5,1703.0,2,3,3,233,Loyal Customers
14401.0,3,25,6703.4,4,4,4,444,Champions
14402.0,651,1,285.6,1,1,1,111,At Risk
14403.0,129,9,1822.76,2,4,3,243,Loyal Customers
14404.0,33,15,2800.11,3,4,4,344,Loyal Customers
14405.0,386,1,195.0,1,1,1,111,At Risk
14406.0,118,1,156.75,2,1,1,211,Others
14407.0,106,9,2111.08,2,4,3,243,Loyal Customers
14408.0,10,11,4109.77,4,4,4,444,Champions
14409.0,70,10,3453.69,3,4,4,344,Loyal Customers
14410.0,15,17,2122.37,4,4,3,443,Loyal Customers
14411.0,310,1,1063.0,2,1,3,213,Others
14412.0,34,4,1417.49,3,2,3,323,Others
14413.0,361,4,770.37,2,2,2,222,Others
14414.0,91,9,2387.48,3,4,4,344,Loyal Customers
14415.0,0,32,11915.13,4,4,4,444,Champions
14416.0,21,2,490.22,4,1,2,412,Recent Customers
14417.0,387,1,604.2,1,1,2,112,At Risk
14418.0,3,3,1937.25,4,2,3,423,Recent Customers
14419.0,10,7,1260.91,4,3,3,433,Loyal Customers
14420.0,84,7,1627.72,3,3,3,333,Loyal Customers
14421.0,56,7,2456.62,3,3,4,334,Loyal Customers
14422.0,0,21,10200.92,4,4,4,444,Champions
14423.0,217,4,914.9599999999999,2,2,3,223,Others
14424.0,17,1,322.08,4,1,1,411,Recent Customers
14425.0,426,5,635.89,1,3,2,132,At Risk
14426.0,18,27,11103.97,4,4,4,444,Champions
14427.0,49,4,1263.52,3,2,3,323,Others
14428.0,6,7,1230.14,4,3,3,433,Loyal Customers
14429.0,403,1,516.28,1,1,2,112,At Risk
14430.0,511,5,956.4000000000001,1,3,3,133,Loyal Customers
14431.0,298,5,2541.6,2,3,4,234,Loyal Customers
14432.0,9,6,2255.51,4,3,4,434,Loyal Customers
14433.0,465,1,289.6,1,1,1,111,At Risk
14434.0,21,6,1372.8,4,3,3,433,Loyal Customers
14435.0,501,1,90.42,1,1,1,111,At Risk
14436.0,98,2,271.70000000000005,2,1,1,211,Others
14437.0,142,7,829.94,2,3,2,232,Others
14438.0,305,1,131.9,2,1,1,211,Others
14439.0,319,5,9443.04,2,3,4,234,Loyal Customers
14440.0,7,15,6526.83,4,4,4,444,Champions
14441.0,0,19,4361.59,4,4,4,444,Champions
14442.0,1,12,5272.02,4,4,4,444,Champions
14443.0,53,8,2351.58,3,3,4,334,Loyal Customers
14444.0,455,1,132.04,1,1,1,111,At Risk
14445.0,455,1,221.65,1,1,1,111,At Risk
14446.0,0,5,1241.31,4,3,3,433,Loyal Customers
14447.0,18,6,1711.73,4,3,3,433,Loyal Customers
14448.0,8,2,375.35,4,1,2,412,Recent Customers
14449.0,18,8,2482.8,4,3,4,434,Loyal Customers
14450.0,180,7,1128.44,2,3,3,233,Loyal Customers
14451.0,59,18,3265.59,3,4,4,344,Loyal Customers
14452.0,10,4,665.59,4,2,2,422,Recent Customers
14453.0,189,1,119.93,2,1,1,211,Others
14454.0,375,6,970.7,2,3,3,233,Loyal Customers
14455.0,431,5,594.86,1,3,2,132,At Risk
14456.0,4,14,3047.63,4,4,4,444,Champions
14457.0,310,1,113.64,2,1,1,211,Others
14458.0,380,1,237.42,2,1,1,211,Others
14459.0,154,3,5339.1410000000005,2,2,4,224,Others
14460.0,109,12,919.6,2,4,3,243,Loyal Customers
14461.0,147,14,6697.6,2,4,4,244,Loyal Customers
14462.0,63,16,2231.89,3,4,4,344,Loyal Customers
14463.0,97,4,786.5699999999999,2,2,2,222,Others
14464.0,567,2,111.0,1,1,1,111,At Risk
14465.0,246,11,3946.03,2,4,4,244,Loyal Customers
14466.0,28,13,4646.9,3,4,4,344,Loyal Customers
14467.0,17,12,2220.9900000000002,4,4,4,444,Champions
14468.0,733,1,204.24,1,1,1,111,At Risk
14469.0,415,4,2112.21,1,2,3,123,At Risk
14470.0,11,3,712.04,4,2,2,422,Recent Customers
14471.0,590,2,400.95,1,1,2,112,At Risk
14472.0,103,9,2228.22,2,4,4,244,Loyal Customers
14473.0,73,2,234.34000000000003,3,1,1,311,Others
14474.0,42,3,1268.1299999999999,3,2,3,323,Others
14475.0,71,7,1025.1200000000001,3,3,3,333,Loyal Customers
14476.0,256,1,215.7,2,1,1,211,Others
14477.0,19,10,1960.61,4,4,3,443,Loyal Customers
14478.0,381,4,1276.66,1,2,3,123,At Risk
14479.0,253,4,1299.11,2,2,3,223,Others
14480.0,10,5,1295.27,4,3,3,433,Loyal Customers
14481.0,164,6,1935.32,2,3,3,233,Loyal Customers
14482.0,17,14,4192.25,4,4,4,444,Champions
14483.0,149,3,249.2,2,2,1,221,Others
14484.0,49,4,1070.98,3,2,3,323,Others
14485.0,38,1,165.75,3,1,1,311,Others
14486.0,511,2,175.5,1,1,1,111,At Risk
14487.0,26,8,1428.11,3,3,3,333,Loyal Customers
14488.0,50,2,1047.43,3,1,3,313,Others
14489.0,206,4,1574.93,2,2,3,223,Others
14490.0,405,2,1273.47,1,1,3,113,At Risk
14491.0,174,2,468.13,2,1,2,212,Others
14492.0,429,10,1574.3600000000001,1,4,3,143,Loyal Customers
14493.0,6,14,5036.05,4,4,4,444,Champions
14494.0,25,3,401.46,3,2,2,322,Others
14495.0,50,4,166.3,3,2,1,321,Others
14496.0,311,10,2645.88,2,4,4,244,Loyal Customers
14497.0,300,3,679.16,2,2,2,222,Others
14498.0,42,10,3911.27,3,4,4,344,Loyal Customers
14499.0,25,10,2120.62,3,4,3,343,Loyal Customers
14500.0,87,3,356.85,3,2,2,322,Others
14501.0,63,3,190.31,3,2,1,321,Others
14502.0,19,14,2351.02,4,4,4,444,Champions
14503.0,2,6,3543.26,4,3,4,434,Loyal Customers
14504.0,46,4,673.26,3,2,2,322,Others
14505.0,16,27,11718.8,4,4,4,444,Champions
14506.0,16,7,3290.67,4,3,4,434,Loyal Customers
14507.0,23,14,3172.4900000000002,4,4,4,444,Champions
14508.0,21,6,856.09,4,3,3,433,Loyal Customers
14509.0,533,1,110.95,1,1,1,111,At Risk
14510.0,375,4,991.98,2,2,3,223,Others
14511.0,10,6,1267.4099999999999,4,3,3,433,Loyal Customers
14512.0,187,7,1223.47,2,3,3,233,Loyal Customers
14513.0,100,7,770.9100000000001,2,3,2,232,Others
14514.0,60,10,4594.7300000000005,3,4,4,344,Loyal Customers
14515.0,17,15,3718.9,4,4,4,444,Champions
14516.0,515,1,163.92,1,1,1,111,At Risk
14517.0,32,2,330.45,3,1,2,312,Others
14518.0,63,1,174.37,3,1,1,311,Others
14519.0,683,2,206.09,1,1,1,111,At Risk
14520.0,1,2,270.6,4,1,1,411,Recent Customers
14521.0,476,2,167.65,1,1,1,111,At Risk
14522.0,23,8,1758.6200000000001,4,3,3,433,Loyal Customers
14523.0,107,1,241.09,2,1,1,211,Others
14524.0,31,13,2933.71,3,4,4,344,Loyal Customers
14525.0,8,21,8129.8099999999995,4,4,4,444,Champions
14526.0,388,1,262.4,1,1,1,111,At Risk
14527.0,2,190,25774.54,4,4,4,444,Champions
14528.0,36,1,364.21999999999997,3,1,2,312,Others
14529.0,59,3,620.04,3,2,2,322,Others
14530.0,25,19,6077.15,3,4,4,344,Loyal Customers
14531.0,479,1,376.34,1,1,2,112,At Risk
14532.0,235,12,3846.4300000000003,2,4,4,244,Loyal Customers
14533.0,24,15,3185.12,4,4,4,444,Champions
14534.0,2,38,5786.42,4,4,4,444,Champions
14535.0,58,11,5872.63,3,4,4,344,Loyal Customers
14536.0,259,1,171.8,2,1,1,211,Others
14537.0,57,3,635.45,3,2,2,322,Others
14538.0,64,5,1370.8400000000001,3,3,3,333,Loyal Customers
14539.0,15,2,537.48,4,1,2,412,Recent Customers
14540.0,9,12,3785.44,4,4,4,444,Champions
14541.0,58,14,2499.68,3,4,4,344,Loyal Customers
14542.0,185,1,103.25,2,1,1,211,Others
14543.0,3,50,12194.01,4,4,4,444,Champions
14544.0,23,3,2982.43,4,2,4,424,Recent Customers
14545.0,673,1,349.25,1,1,2,112,At Risk
14546.0,3,20,5001.03,4,4,4,444,Champions
14547.0,3,9,3986.7400000000002,4,4,4,444,Champions
14548.0,150,9,2627.49,2,4,4,244,Loyal Customers
14549.0,310,4,916.5500000000001,2,2,3,223,Others
14550.0,10,4,1353.31,4,2,3,423,Recent Customers
14551.0,17,9,858.59,4,4,3,443,Loyal Customers
14552.0,151,3,511.28000000000003,2,2,2,222,Others
14553.0,18,10,1816.04,4,4,3,443,Loyal Customers
14554.0,9,4,2381.04,4,2,4,424,Recent Customers
14555.0,56,7,2306.48,3,3,4,334,Loyal Customers
14556.0,595,3,835.34,1,2,2,122,At Risk
14557.0,63,2,0.0,3,1,1,311,Others
14558.0,652,5,614.1,1,3,2,132,At Risk
14559.0,389,1,75.6,1,1,1,111,At Risk
14560.0,6,46,6050.44,4,4,4,444,Champions
14561.0,75,3,1080.76,3,2,3,323,Others
14562.0,3,30,6363.85,4,4,4,444,Champions
14563.0,509,2,679.44,1,1,2,112,At Risk
14564.0,426,5,2519.32,1,3,4,134,Loyal Customers
14565.0,95,7,3833.87,3,3,4,334,Loyal Customers
14566.0,110,4,4092.0,2,2,4,224,Others
14567.0,34,3,1524.46,3,2,3,323,Others
14568.0,423,2,909.5,1,1,3,113,At Risk
14569.0,0,4,598.98,4,2,2,422,Recent Customers
14570.0,280,3,613.75,2,2,2,222,Others
14571.0,424,1,161.65,1,1,1,111,At Risk
14572.0,2,15,5573.28,4,4,4,444,Champions
14573.0,179,17,2571.72,2,4,4,244,Loyal Customers
14574.0,732,1,143.70000000000002,1,1,1,111,At Risk
14575.0,487,1,460.71,1,1,2,112,At Risk
14576.0,371,1,70.80000000000001,2,1,1,211,Others
14577.0,12,7,1374.25,4,3,3,433,Loyal Customers
14578.0,2,1,168.63,4,1,1,411,Recent Customers
14579.0,431,1,105.56,1,1,1,111,At Risk
14580.0,517,1,14.850000000000001,1,1,1,111,At Risk
14581.0,16,2,433.8,4,1,2,412,Recent Customers
14582.0,40,1,114.11,3,1,1,311,Others
14583.0,5,8,1781.03,4,3,3,433,Loyal Customers
14584.0,168,9,1734.91,2,4,3,243,Loyal Customers
14585.0,49,5,1143.27,3,3,3,333,Loyal Customers
14586.0,226,3,134.16,2,2,1,221,Others
14587.0,18,10,1598.24,4,4,3,443,Loyal Customers
14588.0,577,1,135.39,1,1,1,111,At Risk
14589.0,371,1,79.5,2,1,1,211,Others
14590.0,424,28,2884.29,1,4,4,144,Loyal Customers
14591.0,14,4,1447.14,4,2,3,423,Recent Customers
14592.0,34,3,570.46,3,2,2,322,Others
14593.0,21,18,3615.17,4,4,4,444,Champions
14594.0,6,2,634.83,4,1,2,412,Recent Customers
14595.0,19,8,2164.45,4,3,3,433,Loyal Customers
14596.0,626,1,229.47,1,1,1,111,At Risk
14597.0,10,6,2201.54,4,3,4,434,Loyal Customers
14598.0,43,3,221.97,3,2,1,321,Others
14599.0,389,2,474.54,1,1,2,112,At Risk
14600.0,305,2,865.1700000000001,2,1,3,213,Others
14601.0,10,1,213.96,4,1,1,411,Recent Customers
14602.0,655,1,205.35999999999999,1,1,1,111,At Risk
14603.0,274,1,660.0,2,1,2,212,Others
14604.0,632,1,143.85999999999999,1,1,1,111,At Risk
14605.0,373,4,937.16,2,2,3,223,Others
14606.0,0,259,30094.38,4,4,4,444,Champions
14607.0,15,27,18745.56,4,4,4,444,Champions
14608.0,3,12,3273.44,4,4,4,444,Champions
14609.0,71,11,1366.2,3,4,3,343,Loyal Customers
14610.0,395,2,24.35,1,1,1,111,At Risk
14611.0,438,3,599.38,1,2,2,122,At Risk
14612.0,414,1,877.7,1,1,3,113,At Risk
14613.0,679,1,76.32000000000001,1,1,1,111,At Risk
14614.0,385,1,295.13,1,1,1,111,At Risk
14615.0,393,6,934.26,1,3,3,133,Loyal Customers
14616.0,242,5,527.78,2,3,2,232,Others
14617.0,402,2,190.47000000000003,1,1,1,111,At Risk
14618.0,8,9,1295.67,4,4,3,443,Loyal Customers
14619.0,238,3,1276.31,2,2,3,223,Others
14620.0,203,3,393.28000000000003,2,2,2,222,Others
14621.0,0,16,2878.27,4,4,4,444,Champions
14622.0,184,1,320.58000000000004,2,1,1,211,Others
14623.0,31,12,2030.83,3,4,3,343,Loyal Customers
14624.0,56,6,814.07,3,3,2,332,Others
14625.0,184,18,4391.53,2,4,4,244,Loyal Customers
14626.0,8,15,5374.77,4,4,4,444,Champions
14627.0,311,3,406.40000000000003,2,2,2,222,Others
14628.0,90,5,1998.0,3,3,3,333,Loyal Customers
14629.0,3,3,939.21,4,2,3,423,Recent Customers
14630.0,483,1,338.65,1,1,2,112,At Risk
14631.0,50,7,2023.17,3,3,3,333,Loyal Customers
14632.0,262,1,114.56,2,1,1,211,Others
14633.0,265,1,344.90000000000003,2,1,2,212,Others
14634.0,437,7,1971.82,1,3,3,133,Loyal Customers
14635.0,453,1,215.22,1,1,1,111,At Risk
14636.0,35,2,609.85,3,1,2,312,Others
14637.0,676,1,106.67999999999999,1,1,1,111,At Risk
14638.0,50,1,443.6,3,1,2,312,Others
14639.0,51,11,4946.81,3,4,4,344,Loyal Customers
14640.0,15,16,3464.03,4,4,4,444,Champions
14641.0,21,1,110.46,4,1,1,411,Recent Customers
14642.0,58,1,96.12,3,1,1,311,Others
14643.0,169,6,1654.69,2,3,3,233,Loyal Customers
14644.0,8,12,2077.47,4,4,3,443,Loyal Customers
14645.0,156,4,840.24,2,2,2,222,Others
14646.0,1,164,523342.07,4,4,4,444,Champions
14647.0,200,2,519.97,2,1,2,212,Others
14648.0,403,19,4458.21,1,4,4,144,Loyal Customers
14649.0,4,11,3754.16,4,4,4,444,Champions
14650.0,588,1,62.5,1,1,1,111,At Risk
14651.0,66,9,2034.1200000000001,3,4,3,343,Loyal Customers
14652.0,76,1,114.18,3,1,1,311,Others
14653.0,0,12,3614.54,4,4,4,444,Champions
14654.0,737,1,246.86,1,1,1,111,At Risk
14655.0,3,12,3829.23,4,4,4,444,Champions
14656.0,168,5,814.65,2,3,2,232,Others
14657.0,17,7,1450.92,4,3,3,433,Loyal Customers
14658.0,4,2,247.15,4,1,1,411,Recent Customers
14659.0,8,12,2456.53,4,4,4,444,Champions
14660.0,86,2,285.74,3,1,1,311,Others
14661.0,26,1,107.95,3,1,1,311,Others
14662.0,28,7,1416.33,3,3,3,333,Loyal Customers
14663.0,429,2,490.6,1,1,2,112,At Risk
14664.0,19,2,637.89,4,1,2,412,Recent Customers
14665.0,60,9,2172.33,3,4,3,343,Loyal Customers
14666.0,23,1,195.25,4,1,1,411,Recent Customers
14667.0,10,61,21720.59,4,4,4,444,Champions
14668.0,444,1,111.63,1,1,1,111,At Risk
14669.0,241,7,3243.93,2,3,4,234,Loyal Customers
14670.0,279,3,602.0,2,2,2,222,Others
14671.0,548,2,1127.45,1,1,3,113,At Risk
14672.0,234,4,1113.14,2,2,3,223,Others
14673.0,2,7,3410.81,4,3,4,434,Loyal Customers
14674.0,508,1,173.66,1,1,1,111,At Risk
14675.0,15,2,1066.9,4,1,3,413,Recent Customers
14676.0,30,16,8285.49,3,4,4,344,Loyal Customers
14677.0,592,1,184.91,1,1,1,111,At Risk
14678.0,570,2,386.44,1,1,2,112,At Risk
14679.0,371,5,1270.3999999999999,2,3,3,233,Loyal Customers
14680.0,24,87,54801.34,4,4,4,444,Champions
14681.0,70,6,875.1500000000001,3,3,3,333,Loyal Customers
14682.0,187,6,1514.81,2,3,3,233,Loyal Customers
14683.0,587,1,146.56,1,1,1,111,At Risk
14684.0,25,6,1468.55,3,3,3,333,Loyal Customers
14685.0,575,13,4324.31,1,4,4,144,Loyal Customers
14686.0,413,6,877.88,1,3,3,133,Loyal Customers
14687.0,106,3,1402.06,2,2,3,223,Others
14688.0,7,34,7190.08,4,4,4,444,Champions
14689.0,208,1,112.8,2,1,1,211,Others
14690.0,43,5,781.24,3,3,2,332,Others
14691.0,30,5,2114.33,3,3,3,333,Loyal Customers
14692.0,136,13,1735.59,2,4,3,243,Loyal Customers
14693.0,264,8,1139.86,2,3,3,233,Loyal Customers
14694.0,616,1,244.31,1,1,1,111,At Risk
14695.0,518,4,1552.57,1,2,3,123,At Risk
14696.0,3,10,2758.67,4,4,4,444,Champions
14697.0,217,2,188.60999999999999,2,1,1,211,Others
14698.0,1,5,1250.76,4,3,3,433,Loyal Customers
14699.0,213,4,702.6,2,2,2,222,Others
14700.0,31,5,3116.26,3,3,4,334,Loyal Customers
14701.0,10,18,4498.94,4,4,4,444,Champions
14702.0,0,32,6695.72,4,4,4,444,Champions
14703.0,14,1,318.17,4,1,1,411,Recent Customers
14704.0,10,11,1813.57,4,4,3,443,Loyal Customers
14705.0,198,1,179.0,2,1,1,211,Others
14706.0,618,1,390.69,1,1,2,112,At Risk
14707.0,435,2,139.2,1,1,1,111,At Risk
14708.0,2,6,2182.58,4,3,4,434,Loyal Customers
14709.0,14,27,8866.48,4,4,4,444,Champions
14710.0,13,13,1922.59,4,4,3,443,Loyal Customers
14711.0,9,12,2838.2,4,4,4,444,Champions
14712.0,28,4,1328.0700000000002,3,2,3,323,Others
14713.0,8,25,5372.47,4,4,4,444,Champions
14714.0,23,7,896.4,4,3,3,433,Loyal Customers
14715.0,24,8,1840.45,4,3,3,433,Loyal Customers
14716.0,42,3,565.45,3,2,2,322,Others
14717.0,732,2,72.8,1,1,1,111,At Risk
14718.0,409,1,226.42,1,1,1,111,At Risk
14719.0,1,6,1592.18,4,3,3,433,Loyal Customers
14720.0,5,3,663.81,4,2,2,422,Recent Customers
14721.0,378,1,115.77,2,1,1,211,Others
14722.0,146,3,513.37,2,2,2,222,Others
14723.0,9,11,2093.06,4,4,3,443,Loyal Customers
14724.0,589,1,345.25,1,1,2,112,At Risk
14725.0,24,5,1264.84,4,3,3,433,Loyal Customers
14726.0,654,1,124.75,1,1,1,111,At Risk
14727.0,273,4,291.13,2,2,1,221,Others
14728.0,412,1,190.58,1,1,1,111,At Risk
14729.0,373,3,907.38,2,2,3,223,Others
14730.0,0,8,2005.06,4,3,3,433,Loyal Customers
14731.0,46,3,380.02,3,2,2,322,Others
14732.0,7,24,5447.52,4,4,4,444,Champions
14733.0,8,18,16050.6,4,4,4,444,Champions
14734.0,415,5,1045.47,1,3,3,133,Loyal Customers
14735.0,3,59,11909.710000000001,4,4,4,444,Champions
14736.0,484,2,401.08,1,1,2,112,At Risk
14737.0,3,4,3554.17,4,2,4,424,Recent Customers
14738.0,38,12,1763.64,3,4,3,343,Loyal Customers
14739.0,1,28,12269.57,4,4,4,444,Champions
14740.0,190,13,4068.86,2,4,4,244,Loyal Customers
14741.0,11,7,1897.59,4,3,3,433,Loyal Customers
14742.0,434,1,579.85,1,1,2,112,At Risk
14743.0,592,1,50.48,1,1,1,111,At Risk
14744.0,15,17,3821.02,4,4,4,444,Champions
14745.0,112,17,2491.46,2,4,4,244,Loyal Customers
14746.0,405,4,593.5,1,2,2,122,At Risk
14747.0,247,2,294.3,2,1,1,211,Others
14748.0,28,16,2672.25,3,4,4,344,Loyal Customers
14749.0,479,1,310.15,1,1,1,111,At Risk
14750.0,735,1,112.03,1,1,1,111,At Risk
14751.0,683,2,126.45,1,1,1,111,At Risk
14752.0,43,1,389.64,3,1,2,312,Others
14753.0,86,2,869.51,3,1,3,313,Others
14754.0,44,7,1546.28,3,3,3,333,Loyal Customers
14755.0,9,30,9851.45,4,4,4,444,Champions
14756.0,14,4,2613.46,4,2,4,424,Recent Customers
14757.0,74,1,420.5,3,1,2,312,Others
14758.0,144,7,2864.97,2,3,4,234,Loyal Customers
14759.0,4,3,1625.97,4,2,3,423,Recent Customers
14760.0,293,2,53.8,2,1,1,211,Others
14761.0,58,3,447.92,3,2,2,322,Others
14762.0,263,2,417.57,2,1,2,212,Others
14763.0,731,1,-9.95,1,1,1,111,At Risk
14764.0,43,2,250.55,3,1,1,311,Others
14765.0,28,3,254.11,3,2,1,321,Others
14766.0,7,14,6431.9800000000005,4,4,4,444,Champions
14767.0,473,1,382.81,1,1,2,112,At Risk
14768.0,16,3,139.5,4,2,1,421,Recent Customers
14769.0,2,21,15696.67,4,4,4,444,Champions
14770.0,231,9,3624.89,2,4,4,244,Loyal Customers
14771.0,605,3,579.92,1,2,2,122,At Risk
14772.0,111,1,139.26,2,1,1,211,Others
14773.0,588,2,125.7,1,1,1,111,At Risk
14774.0,528,1,241.45,1,1,1,111,At Risk
14775.0,57,3,1418.46,3,2,3,323,Others
14776.0,50,19,3339.02,3,4,4,344,Loyal Customers
14777.0,3,4,239.26,4,2,1,421,Recent Customers
14778.0,126,2,730.86,2,1,2,212,Others
14779.0,280,3,386.15,2,2,2,222,Others
14780.0,54,2,447.68,3,1,2,312,Others
14781.0,419,1,-530.31,1,1,1,111,At Risk
14782.0,319,1,200.10000000000002,2,1,1,211,Others
14783.0,654,2,305.35,1,1,1,111,At Risk
14784.0,25,3,449.93,3,2,2,322,Others
14785.0,9,2,77.4,4,1,1,411,Recent Customers
14786.0,549,1,90.96,1,1,1,111,At Risk
14787.0,470,1,110.65,1,1,1,111,At Risk
14788.0,6,3,1156.32,4,2,3,423,Recent Customers
14789.0,28,1,197.64,3,1,1,311,Others
14790.0,16,10,2526.62,4,4,4,444,Champions
14791.0,606,1,303.63,1,1,1,111,At Risk
14792.0,63,2,0.0,3,1,1,311,Others
14793.0,3,3,611.0500000000001,4,2,2,422,Recent Customers
14794.0,2,13,1889.15,4,4,3,443,Loyal Customers
14795.0,165,1,131.45000000000002,2,1,1,211,Others
14796.0,0,39,10691.12,4,4,4,444,Champions
14797.0,506,1,300.31,1,1,1,111,At Risk
14798.0,52,9,715.11,3,4,2,342,Others
14799.0,50,2,338.15,3,1,2,312,Others
14800.0,47,23,7415.59,3,4,4,344,Loyal Customers
14801.0,60,1,193.14,3,1,1,311,Others
14802.0,429,6,-1502.98,1,3,1,131,At Risk
14803.0,161,3,845.55,2,2,3,223,Others
14804.0,8,1,353.27,4,1,2,412,Recent Customers
14805.0,14,7,1104.64,4,3,3,433,Loyal Customers
14806.0,74,2,303.43,3,1,1,311,Others
14807.0,390,2,519.29,1,1,2,112,At Risk
14808.0,39,15,2175.37,3,4,3,343,Loyal Customers
14809.0,620,2,686.76,1,1,2,112,At Risk
14810.0,40,13,2537.02,3,4,4,344,Loyal Customers
14811.0,386,1,170.5,1,1,1,111,At Risk
14812.0,598,1,185.8,1,1,1,111,At Risk
14813.0,369,4,1090.87,2,2,3,223,Others
14814.0,580,1,160.46,1,1,1,111,At Risk
14815.0,36,2,778.5,3,1,2,312,Others
14816.0,196,1,271.85,2,1,1,211,Others
14817.0,199,9,3889.21,2,4,4,244,Loyal Customers
14818.0,73,6,1170.41,3,3,3,333,Loyal Customers
14819.0,63,4,470.16,3,2,2,322,Others
14820.0,20,9,1274.76,4,4,3,443,Loyal Customers
14821.0,366,7,1286.45,2,3,3,233,Loyal Customers
14822.0,484,1,157.70000000000002,1,1,1,111,At Risk
14823.0,179,3,321.43,2,2,1,221,Others
14824.0,9,12,3952.51,4,4,4,444,Champions
14825.0,3,27,4886.28,4,4,4,444,Champions
14826.0,581,2,385.2,1,1,2,112,At Risk
14827.0,664,1,0.0,1,1,1,111,At Risk
14828.0,196,14,9803.460000000001,2,4,4,244,Loyal Customers
14829.0,28,9,1639.94,3,4,3,343,Loyal Customers
14830.0,52,1,197.13,3,1,1,311,Others
14831.0,573,7,1623.97,1,3,3,133,Loyal Customers
14832.0,629,3,-274.63,1,2,1,121,At Risk
14833.0,498,1,94.8,1,1,1,111,At Risk
14834.0,17,9,2184.21,4,4,4,444,Champions
14835.0,526,3,293.09999999999997,1,2,1,121,At Risk
14836.0,9,3,102.44999999999999,4,2,1,421,Recent Customers
14837.0,89,12,3445.82,3,4,4,344,Loyal Customers
14838.0,422,2,773.6700000000001,1,1,2,112,At Risk
14839.0,417,3,915.28,1,2,3,123,At Risk
14840.0,267,3,340.21,2,2,2,222,Others
14841.0,52,14,7163.0,3,4,4,344,Loyal Customers
14842.0,34,8,2456.8,3,3,4,334,Loyal Customers
14843.0,436,1,211.79999999999998,1,1,1,111,At Risk
14844.0,63,12,6688.43,3,4,4,344,Loyal Customers
14845.0,599,1,150.0,1,1,1,111,At Risk
14846.0,422,2,406.79999999999995,1,1,2,112,At Risk
14847.0,148,4,1320.6,2,2,3,223,Others
14848.0,404,1,310.56,1,1,1,111,At Risk
14849.0,21,50,15542.44,4,4,4,444,Champions
14850.0,311,9,1575.21,2,4,3,243,Loyal Customers
14851.0,22,3,829.4100000000001,4,2,2,422,Recent Customers
14852.0,57,21,6123.63,3,4,4,344,Loyal Customers
14853.0,8,7,1351.37,4,3,3,433,Loyal Customers
14854.0,77,14,4302.17,3,4,4,344,Loyal Customers
14855.0,118,7,6520.3,2,3,4,234,Loyal Customers
14856.0,35,3,1311.3799999999999,3,2,3,323,Others
14857.0,59,10,3578.931,3,4,4,344,Loyal Customers
14858.0,505,1,180.75,1,1,1,111,At Risk
14859.0,12,6,1703.94,4,3,3,433,Loyal Customers
14860.0,8,2,168.62,4,1,1,411,Recent Customers
14861.0,51,14,1318.4,3,4,3,343,Loyal Customers
14862.0,25,2,841.1999999999999,3,1,2,312,Others
14863.0,28,1,266.76,3,1,1,311,Others
14864.0,730,1,-48.75,1,1,1,111,At Risk
14865.0,6,4,129.72,4,2,1,421,Recent Customers
14866.0,10,20,20657.77,4,4,4,444,Champions
14867.0,185,19,2901.46,2,4,4,244,Loyal Customers
14868.0,2,13,4170.06,4,4,4,444,Champions
14869.0,3,9,2776.8,4,4,4,444,Champions
14870.0,261,9,1794.6000000000001,2,4,3,243,Loyal Customers
14871.0,2,9,1258.97,4,4,3,443,Loyal Customers
14872.0,480,4,802.6800000000001,1,2,2,122,At Risk
14873.0,209,2,854.13,2,1,3,213,Others
14874.0,534,1,116.18,1,1,1,111,At Risk
14875.0,8,7,2841.55,4,3,4,434,Loyal Customers
14876.0,520,2,256.7,1,1,1,111,At Risk
14877.0,417,2,437.0,1,1,2,112,At Risk
14878.0,12,28,3812.2200000000003,4,4,4,444,Champions
14879.0,684,1,185.06,1,1,1,111,At Risk
14880.0,76,3,706.19,3,2,2,322,Others
14881.0,19,1,255.4,4,1,1,411,Recent Customers
14882.0,26,15,3426.55,3,4,4,344,Loyal Customers
14883.0,18,7,756.64,4,3,2,432,Recent Customers
14884.0,668,1,120.6,1,1,1,111,At Risk
14885.0,131,4,1496.12,2,2,3,223,Others
14886.0,252,1,364.8,2,1,2,212,Others
14887.0,78,1,1862.0,3,1,3,313,Others
14888.0,206,1,369.2,2,1,2,212,Others
14889.0,335,1,135.9,2,1,1,211,Others
14890.0,253,3,817.25,2,2,2,222,Others
14891.0,147,4,1106.73,2,2,3,223,Others
14892.0,690,1,202.35000000000002,1,1,1,111,At Risk
14893.0,9,6,1782.26,4,3,3,433,Loyal Customers
14894.0,84,5,1412.21,3,3,3,333,Loyal Customers
14895.0,7,48,24488.82,4,4,4,444,Champions
14896.0,204,10,1973.47,2,4,3,243,Loyal Customers
14897.0,7,9,3100.7400000000002,4,4,4,444,Champions
14898.0,22,18,3356.86,4,4,4,444,Champions
14899.0,394,1,1384.88,1,1,3,113,At Risk
14900.0,521,1,13.919999999999998,1,1,1,111,At Risk
14901.0,10,13,2277.05,4,4,4,444,Champions
14902.0,20,5,1000.27,4,3,3,433,Loyal Customers
14903.0,20,10,2744.48,4,4,4,444,Champions
14904.0,1,4,1640.64,4,2,3,423,Recent Customers
14905.0,153,10,1939.69,2,4,3,243,Loyal Customers
14906.0,444,3,-66.98,1,2,1,121,At Risk
14907.0,2,23,6094.6900000000005,4,4,4,444,Champions
14908.0,73,2,381.9,3,1,2,312,Others
14909.0,427,5,1380.98,1,3,3,133,Loyal Customers
14910.0,2,7,389.86,4,3,2,432,Recent Customers
14911.0,0,510,270248.53,4,4,4,444,Champions
14912.0,16,11,748.5799999999998,4,4,2,442,Recent Customers
14913.0,35,8,4073.13,3,3,4,334,Loyal Customers
14914.0,605,1,-5.85,1,1,1,111,At Risk
14915.0,85,13,1752.65,3,4,3,343,Loyal Customers
14916.0,70,11,2888.21,3,4,4,344,Loyal Customers
14917.0,596,2,1123.75,1,1,3,113,At Risk
14918.0,115,9,5955.81,2,4,4,244,Loyal Customers
14919.0,538,1,359.35,1,1,2,112,At Risk
14920.0,212,3,1607.17,2,2,3,223,Others
14921.0,29,2,1316.07,3,1,3,313,Others
14922.0,393,2,843.74,1,1,2,112,At Risk
14923.0,50,1,749.1,3,1,2,312,Others
14924.0,245,3,931.01,2,2,3,223,Others
14925.0,730,1,-7.95,1,1,1,111,At Risk
14926.0,381,3,337.65,1,2,2,122,At Risk
14927.0,396,1,308.2,1,1,1,111,At Risk
14928.0,618,2,204.46,1,1,1,111,At Risk
14929.0,31,2,836.69,3,1,2,312,Others
14930.0,108,9,5136.64,2,4,4,244,Loyal Customers
14931.0,4,6,964.6800000000001,4,3,3,433,Loyal Customers
14932.0,365,2,1029.66,2,1,3,213,Others
14933.0,443,5,885.0,1,3,3,133,Loyal Customers
14934.0,72,9,2444.1,3,4,4,344,Loyal Customers
14935.0,296,2,2849.83,2,1,4,214,Others
14936.0,8,14,12378.46,4,4,4,444,Champions
14937.0,56,4,1617.63,3,2,3,323,Others
14938.0,501,4,2289.43,1,2,4,124,At Risk
14939.0,630,1,-934.66,1,1,1,111,At Risk
14940.0,417,2,531.49,1,1,2,112,At Risk
14941.0,578,1,182.1,1,1,1,111,At Risk
14942.0,401,5,706.56,1,3,2,132,At Risk
14943.0,662,1,107.62,1,1,1,111,At Risk
14944.0,29,24,9674.92,3,4,4,344,Loyal Customers
14945.0,413,1,179.4,1,1,1,111,At Risk
14946.0,13,1,100.9,4,1,1,411,Recent Customers
14947.0,71,6,1049.79,3,3,3,333,Loyal Customers
14948.0,22,7,1066.57,4,3,3,433,Loyal Customers
14949.0,459,6,498.55,1,3,2,132,At Risk
14950.0,8,2,361.25,4,1,2,412,Recent Customers
14951.0,78,1,311.69,3,1,1,311,Others
14952.0,45,43,17244.25,3,4,4,344,Loyal Customers
14953.0,24,5,1005.37,4,3,3,433,Loyal Customers
14954.0,11,2,503.44,4,1,2,412,Recent Customers
14955.0,732,1,163.77,1,1,1,111,At Risk
14956.0,420,1,1325.0,1,1,3,113,At Risk
14957.0,252,2,333.29,2,1,2,212,Others
14958.0,146,6,957.9399999999999,2,3,3,233,Loyal Customers
14959.0,58,5,684.97,3,3,2,332,Others
14960.0,7,2,221.27,4,1,1,411,Recent Customers
14961.0,10,28,16328.9,4,4,4,444,Champions
14962.0,270,4,366.91,2,2,2,222,Others
14963.0,9,13,3158.63,4,4,4,444,Champions
14964.0,246,1,206.21,2,1,1,211,Others
14965.0,95,2,599.0,3,1,2,312,Others
14966.0,14,6,1115.8400000000001,4,3,3,433,Loyal Customers
14967.0,49,7,1680.52,3,3,3,333,Loyal Customers
14968.0,29,2,504.99,3,1,2,312,Others
14969.0,703,1,906.23,1,1,3,113,At Risk
14970.0,67,16,3593.4,3,4,4,344,Loyal Customers
14971.0,34,3,1116.57,3,2,3,323,Others
14972.0,127,2,145.07,2,1,1,211,Others
14973.0,106,3,1314.45,2,2,3,223,Others
14974.0,36,1,114.39,3,1,1,311,Others
14975.0,56,2,472.39,3,1,2,312,Others
14976.0,56,8,765.86,3,3,2,332,Others
14977.0,725,1,31.929999999999996,1,1,1,111,At Risk
14978.0,71,12,3106.34,3,4,4,344,Loyal Customers
14979.0,734,1,439.46,1,1,2,112,At Risk
14980.0,736,1,150.68,1,1,1,111,At Risk
14981.0,245,3,313.52,2,2,1,221,Others
14982.0,571,1,237.78,1,1,1,111,At Risk
14983.0,688,1,183.20000000000002,1,1,1,111,At Risk
14984.0,18,6,1271.41,4,3,3,433,Loyal Customers
14985.0,197,2,296.75,2,1,1,211,Others
14986.0,375,2,566.9,2,1,2,212,Others
14987.0,15,9,1632.25,4,4,3,443,Loyal Customers
14988.0,211,7,2066.6,2,3,3,233,Loyal Customers
14989.0,661,1,342.4,1,1,2,112,At Risk
14990.0,611,2,305.42,1,1,1,111,At Risk
14991.0,429,1,314.67,1,1,1,111,At Risk
14992.0,441,1,210.5,1,1,1,111,At Risk
14993.0,563,1,36.13,1,1,1,111,At Risk
14994.0,381,8,886.33,1,3,3,133,Loyal Customers
14995.0,38,2,233.23000000000002,3,1,1,311,Others
14996.0,480,2,442.28999999999996,1,1,2,112,At Risk
14997.0,45,5,771.38,3,3,2,332,Others
14998.0,169,4,770.73,2,2,2,222,Others
14999.0,592,1,129.48000000000002,1,1,1,111,At Risk
15000.0,47,1,490.52,3,1,2,312,Others
15001.0,393,2,230.85999999999999,1,1,1,111,At Risk
15002.0,115,9,4817.28,2,4,4,244,Loyal Customers
15003.0,472,7,1055.7,1,3,3,133,Loyal Customers
15004.0,146,1,1246.32,2,1,3,213,Others
15005.0,15,76,13763.27,4,4,4,444,Champions
15006.0,50,2,825.14,3,1,2,312,Others
15007.0,158,1,156.91,2,1,1,211,Others
15008.0,479,2,360.0,1,1,2,112,At Risk
15009.0,11,3,1261.78,4,2,3,423,Recent Customers
15010.0,35,1,308.94,3,1,1,311,Others
15011.0,395,2,416.6,1,1,2,112,At Risk
15012.0,53,3,860.62,3,2,3,323,Others
15013.0,487,10,1641.3,1,4,3,143,Loyal Customers
15014.0,42,2,260.17,3,1,1,311,Others
15015.0,500,20,2275.82,1,4,4,144,Loyal Customers
15016.0,172,6,622.3,2,3,2,232,Others
15017.0,33,1,125.58,3,1,1,311,Others
15018.0,38,4,567.51,3,2,2,322,Others
15019.0,266,1,266.0,2,1,1,211,Others
15020.0,378,1,203.42,2,1,1,211,Others
15021.0,8,17,2689.59,4,4,4,444,Champions
15022.0,11,5,1186.09,4,3,3,433,Loyal Customers
15023.0,2,23,12092.19,4,4,4,444,Champions
15024.0,9,16,4075.51,4,4,4,444,Champions
15025.0,32,2,1013.09,3,1,3,313,Others
15026.0,79,5,1061.61,3,3,3,333,Loyal Customers
15027.0,30,13,2974.04,3,4,4,344,Loyal Customers
15028.0,7,6,1157.71,4,3,3,433,Loyal Customers
15029.0,617,2,362.15,1,1,2,112,At Risk
15030.0,71,9,1964.66,3,4,3,343,Loyal Customers
15031.0,3,16,2857.37,4,4,4,444,Champions
15032.0,255,10,13285.65,2,4,4,244,Loyal Customers
15033.0,4,11,2571.02,4,4,4,444,Champions
15034.0,15,17,8282.45,4,4,4,444,Champions
15035.0,89,1,252.73000000000002,3,1,1,311,Others
15036.0,71,3,465.55,3,2,2,322,Others
15037.0,375,2,402.51,2,1,2,212,Others
15038.0,42,10,1269.96,3,4,3,343,Loyal Customers
15039.0,9,107,39742.99,4,4,4,444,Champions
15040.0,541,1,7.49,1,1,1,111,At Risk
15041.0,169,2,294.02,2,1,1,211,Others
15042.0,198,2,315.45,2,1,1,211,Others
15043.0,30,6,2873.7999999999997,3,3,4,334,Loyal Customers
15044.0,18,47,15841.53,4,4,4,444,Champions
15045.0,151,3,633.66,2,2,2,222,Others
15046.0,8,28,7583.38,4,4,4,444,Champions
15047.0,269,1,343.62,2,1,2,212,Others
15048.0,64,5,479.27,3,3,2,332,Others
15049.0,273,1,121.17000000000002,2,1,1,211,Others
15050.0,24,7,4138.87,4,3,4,434,Loyal Customers
15051.0,22,10,3920.16,4,4,4,444,Champions
15052.0,318,1,215.78,2,1,1,211,Others
15053.0,4,3,697.79,4,2,2,422,Recent Customers
15054.0,11,2,302.1,4,1,1,411,Recent Customers
15055.0,474,3,560.07,1,2,2,122,At Risk
15056.0,519,1,133.45,1,1,1,111,At Risk
15057.0,274,6,3184.56,2,3,4,234,Loyal Customers
15058.0,24,17,3377.18,4,4,4,444,Champions
15059.0,40,27,3427.62,3,4,4,344,Loyal Customers
15060.0,7,4,303.09,4,2,1,421,Recent Customers
15061.0,3,138,136391.48,4,4,4,444,Champions
15062.0,70,8,2585.62,3,3,4,334,Loyal Customers
15063.0,212,1,370.79999999999995,2,1,2,212,Others
15064.0,409,4,1254.41,1,2,3,123,At Risk
15065.0,37,7,3304.71,3,3,4,334,Loyal Customers
15066.0,31,2,760.59,3,1,2,312,Others
15067.0,77,6,3865.13,3,3,4,334,Loyal Customers
15068.0,45,4,1176.85,3,2,3,323,Others
15069.0,178,1,1109.53,2,1,3,213,Others
15070.0,372,3,843.25,2,2,2,222,Others
15071.0,93,4,1455.56,3,2,3,323,Others
15072.0,478,1,187.51999999999998,1,1,1,111,At Risk
15073.0,9,9,2357.04,4,4,4,444,Champions
15074.0,104,3,1566.33,2,2,3,223,Others
15075.0,77,1,773.03,3,1,2,312,Others
15076.0,172,5,1425.84,2,3,3,233,Loyal Customers
15077.0,455,4,2423.88,1,2,4,124,At Risk
15078.0,6,64,17576.52,4,4,4,444,Champions
15079.0,212,17,3686.75,2,4,4,244,Loyal Customers
15080.0,427,2,546.25,1,1,2,112,At Risk
15081.0,21,13,1948.27,4,4,3,443,Loyal Customers
15082.0,668,1,93.35000000000001,1,1,1,111,At Risk
15083.0,256,1,88.2,2,1,1,211,Others
15084.0,379,2,965.2,2,1,3,213,Others
15085.0,729,1,347.54,1,1,2,112,At Risk
15086.0,564,2,218.53,1,1,1,111,At Risk
15087.0,281,1,306.94,2,1,1,211,Others
15088.0,20,3,1140.27,4,2,3,423,Recent Customers
15089.0,9,6,2420.84,4,3,4,434,Loyal Customers
15090.0,307,1,381.32,2,1,2,212,Others
15091.0,53,6,1023.11,3,3,3,333,Loyal Customers
15092.0,214,4,773.16,2,2,2,222,Others
15093.0,17,34,13657.880000000001,4,4,4,444,Champions
15094.0,462,2,83.0,1,1,1,111,At Risk
15095.0,103,11,3135.74,2,4,4,244,Loyal Customers
15096.0,42,1,219.39000000000001,3,1,1,311,Others
15097.0,3,5,587.05,4,3,2,432,Recent Customers
15098.0,181,5,649.5,2,3,2,232,Others
15099.0,83,1,410.48,3,1,2,312,Others
15100.0,329,14,2319.5,2,4,4,244,Loyal Customers
15101.0,8,11,1303.49,4,4,3,443,Loyal Customers
15102.0,530,2,554.67,1,1,2,112,At Risk
15103.0,30,2,703.36,3,1,2,312,Others
15104.0,166,3,1002.54,2,2,3,223,Others
15105.0,17,9,3094.91,4,4,4,444,Champions
15106.0,17,7,1407.73,4,3,3,433,Loyal Customers
15107.0,310,12,856.26,2,4,3,243,Loyal Customers
15108.0,141,5,1291.75,2,3,3,233,Loyal Customers
15109.0,240,4,961.9,2,2,3,223,Others
15110.0,23,9,1480.0,4,4,3,443,Loyal Customers
15111.0,28,5,2730.87,3,3,4,334,Loyal Customers
15112.0,610,1,209.4,1,1,1,111,At Risk
15113.0,9,4,3439.41,4,2,4,424,Recent Customers
15114.0,29,12,3400.12,3,4,4,344,Loyal Customers
15115.0,17,3,528.1,4,2,2,422,Recent Customers
15116.0,17,4,1352.75,4,2,3,423,Recent Customers
15117.0,14,9,2484.32,4,4,4,444,Champions
15118.0,133,1,244.8,2,1,1,211,Others
15119.0,245,1,266.4,2,1,1,211,Others
15120.0,129,2,343.82,2,1,2,212,Others
15121.0,49,2,457.72,3,1,2,312,Others
15122.0,84,16,4461.42,3,4,4,344,Loyal Customers
15123.0,6,5,4656.17,4,3,4,434,Loyal Customers
15124.0,22,4,450.82,4,2,2,422,Recent Customers
15125.0,24,36,16124.33,4,4,4,444,Champions
15126.0,536,2,449.49,1,1,2,112,At Risk
15127.0,65,2,711.5,3,1,2,312,Others
15128.0,59,9,1732.22,3,4,3,343,Loyal Customers
15129.0,49,23,6860.18,3,4,4,344,Loyal Customers
15130.0,169,1,330.11,2,1,2,212,Others
15131.0,394,1,80.28,1,1,1,111,At Risk
15132.0,17,5,977.9300000000001,4,3,3,433,Loyal Customers
15133.0,127,5,1806.9,2,3,3,233,Loyal Customers
15134.0,14,10,1596.29,4,4,3,443,Loyal Customers
15135.0,232,3,293.78,2,2,1,221,Others
15136.0,2,5,1282.45,4,3,3,433,Loyal Customers
15137.0,520,5,747.55,1,3,2,132,At Risk
15138.0,384,2,486.59000000000003,1,1,2,112,At Risk
15139.0,239,2,178.96,2,1,1,211,Others
15140.0,51,9,3239.44,3,4,4,344,Loyal Customers
15141.0,457,9,1378.31,1,4,3,143,Loyal Customers
15142.0,45,7,2608.97,3,3,4,334,Loyal Customers
15143.0,225,2,563.63,2,1,2,212,Others
15144.0,7,33,12006.51,4,4,4,444,Champions
15145.0,3,4,1194.73,4,2,3,423,Recent Customers
15146.0,164,3,1313.66,2,2,3,223,Others
15147.0,218,2,608.65,2,1,2,212,Others
15148.0,10,1,301.29,4,1,1,411,Recent Customers
15149.0,133,5,1554.6100000000001,2,3,3,233,Loyal Customers
15150.0,16,14,8990.58,4,4,4,444,Champions
15151.0,422,2,2085.61,1,1,3,113,At Risk
15152.0,9,18,5197.97,4,4,4,444,Champions
15153.0,30,1,329.25,3,1,2,312,Others
15154.0,73,4,1332.26,3,2,3,323,Others
15155.0,382,1,383.96999999999997,1,1,2,112,At Risk
15156.0,0,3,961.49,4,2,3,423,Recent Customers
15157.0,3,7,2587.54,4,3,4,434,Loyal Customers
15158.0,44,3,437.66,3,2,2,322,Others
15159.0,1,38,22049.4,4,4,4,444,Champions
15160.0,356,4,589.27,2,2,2,222,Others
15161.0,387,1,119.92,1,1,1,111,At Risk
15162.0,728,2,241.5,1,1,1,111,At Risk
15163.0,17,2,304.47,4,1,1,411,Recent Customers
15164.0,68,10,2052.02,3,4,3,343,Loyal Customers
15165.0,372,1,975.5,2,1,3,213,Others
15166.0,467,1,167.16,1,1,1,111,At Risk
15167.0,320,5,1659.67,2,3,3,233,Loyal Customers
15168.0,25,1,106.56,3,1,1,311,Others
15169.0,381,2,569.22,1,1,2,112,At Risk
15170.0,406,1,81.15,1,1,1,111,At Risk
15171.0,324,2,1034.5,2,1,3,213,Others
15172.0,8,5,1624.05,4,3,3,433,Loyal Customers
15173.0,380,8,1399.26,2,3,3,233,Loyal Customers
15174.0,322,2,481.46,2,1,2,212,Others
15175.0,71,1,224.14,3,1,1,311,Others
15176.0,596,2,985.09,1,1,3,113,At Risk
15177.0,425,1,948.93,1,1,3,113,At Risk
15178.0,259,1,40.5,2,1,1,211,Others
15179.0,17,17,7426.82,4,4,4,444,Champions
15180.0,366,3,904.4300000000001,2,2,3,223,Others
15181.0,65,8,948.4499999999999,3,3,3,333,Loyal Customers
15182.0,153,14,2942.752,2,4,4,244,Loyal Customers
15183.0,547,4,637.03,1,2,2,122,At Risk
15184.0,28,4,689.95,3,2,2,322,Others
15185.0,69,1,310.62,3,1,1,311,Others
15186.0,13,5,1403.2,4,3,3,433,Loyal Customers
15187.0,1,18,4670.08,4,4,4,444,Champions
15188.0,724,1,310.43,1,1,1,111,At Risk
15189.0,0,58,17101.13,4,4,4,444,Champions
15190.0,433,1,834.4399999999999,1,1,2,112,At Risk
15191.0,462,3,588.05,1,2,2,122,At Risk
15192.0,119,5,1981.39,2,3,3,233,Loyal Customers
15193.0,60,1,499.32,3,1,2,312,Others
15194.0,2,39,12187.68,4,4,4,444,Champions
15195.0,2,1,3861.0,4,1,4,414,Recent Customers
15196.0,432,2,316.25,1,1,1,111,At Risk
15197.0,8,10,1427.84,4,4,3,443,Loyal Customers
15198.0,91,6,559.45,3,3,2,332,Others
15199.0,58,10,3122.4,3,4,4,344,Loyal Customers
15200.0,494,1,549.05,1,1,2,112,At Risk
15201.0,78,14,1525.9,3,4,3,343,Loyal Customers
15202.0,419,8,-2570.1800000000003,1,3,1,131,At Risk
15203.0,25,15,4400.18,3,4,4,344,Loyal Customers
15204.0,356,1,316.58,2,1,1,211,Others
15205.0,84,3,648.8299999999999,3,2,2,322,Others
15206.0,9,4,420.29999999999995,4,2,2,422,Recent Customers
15207.0,409,5,653.77,1,3,2,132,At Risk
15208.0,0,7,968.02,4,3,3,433,Loyal Customers
15209.0,729,1,178.98000000000002,1,1,1,111,At Risk
15210.0,224,3,1176.19,2,2,3,223,Others
15211.0,59,2,1277.48,3,1,3,313,Others
15212.0,238,3,195.42999999999998,2,2,1,221,Others
15213.0,318,3,325.05,2,2,1,221,Others
15214.0,1,8,1661.44,4,3,3,433,Loyal Customers
15215.0,44,11,1496.46,3,4,3,343,Loyal Customers
15216.0,87,2,486.09,3,1,2,312,Others
15217.0,562,1,426.24,1,1,2,112,At Risk
15218.0,10,25,11456.0,4,4,4,444,Champions
15219.0,175,2,685.45,2,1,2,212,Others
15220.0,51,7,1758.92,3,3,3,333,Loyal Customers
15221.0,365,7,1816.1000000000001,2,3,3,233,Loyal Customers
15222.0,318,17,3415.66,2,4,4,244,Loyal Customers
15223.0,225,6,1117.1,2,3,3,233,Loyal Customers
15224.0,357,8,837.26,2,3,2,232,Others
15225.0,233,1,409.40000000000003,2,1,2,212,Others
15226.0,310,1,154.41,2,1,1,211,Others
15227.0,36,9,2488.4900000000002,3,4,4,344,Loyal Customers
15228.0,65,7,5570.5199999999995,3,3,4,334,Loyal Customers
15229.0,585,1,160.5,1,1,1,111,At Risk
15230.0,238,2,429.6,2,1,2,212,Others
15231.0,595,2,228.35999999999999,1,1,1,111,At Risk
15232.0,112,2,612.06,2,1,2,212,Others
15233.0,400,1,59.400000000000006,1,1,1,111,At Risk
15234.0,276,1,197.0,2,1,1,211,Others
15235.0,217,16,2937.81,2,4,4,244,Loyal Customers
15236.0,298,1,321.05,2,1,1,211,Others
15237.0,1,4,1412.32,4,2,3,423,Recent Customers
15238.0,28,5,1056.54,3,3,3,333,Loyal Customers
15239.0,9,3,764.34,4,2,2,422,Recent Customers
15240.0,44,20,4315.0,3,4,4,344,Loyal Customers
15241.0,66,12,3032.31,3,4,4,344,Loyal Customers
15242.0,421,1,302.04,1,1,1,111,At Risk
15243.0,73,2,927.2800000000001,3,1,3,313,Others
15244.0,64,4,850.1800000000001,3,2,3,323,Others
15245.0,133,8,4610.84,2,3,4,234,Loyal Customers
15246.0,237,3,780.4,2,2,2,222,Others
15247.0,121,4,967.11,2,2,3,223,Others
15248.0,410,4,1865.03,1,2,3,123,At Risk
15249.0,31,21,9147.15,3,4,4,344,Loyal Customers
15250.0,640,1,60.0,1,1,1,111,At Risk
15251.0,8,31,20095.6,4,4,4,444,Champions
15252.0,35,7,2053.06,3,3,3,333,Loyal Customers
15253.0,15,12,2033.29,4,4,3,443,Loyal Customers
15254.0,126,4,1073.4,2,2,3,223,Others
15255.0,66,11,3670.77,3,4,4,344,Loyal Customers
15256.0,148,2,170.4,2,1,1,211,Others
15257.0,280,3,600.9,2,2,2,222,Others
15258.0,168,2,623.16,2,1,2,212,Others
15259.0,512,4,1182.3799999999999,1,2,3,123,At Risk
15260.0,99,30,9098.38,2,4,4,244,Loyal Customers
15261.0,134,4,1508.0,2,2,3,223,Others
15262.0,323,3,418.82,2,2,2,222,Others
15263.0,106,1,156.51,2,1,1,211,Others
15264.0,63,3,844.2,3,2,3,323,Others
15265.0,150,4,3345.64,2,2,4,224,Others
15266.0,337,6,841.7,2,3,2,232,Others
15267.0,21,5,1717.36,4,3,3,433,Loyal Customers
15268.0,478,4,941.2500000000001,1,2,3,123,At Risk
15269.0,23,3,1225.3600000000001,4,2,3,423,Recent Customers
15270.0,15,31,7193.99,4,4,4,444,Champions
15271.0,6,26,4639.29,4,4,4,444,Champions
15272.0,56,6,2085.48,3,3,3,333,Loyal Customers
15273.0,599,1,228.96,1,1,1,111,At Risk
15274.0,3,2,716.57,4,1,2,412,Recent Customers
15275.0,30,2,609.19,3,1,2,312,Others
15276.0,65,5,631.03,3,3,2,332,Others
15277.0,46,2,476.34,3,1,2,312,Others
15278.0,561,4,496.15999999999997,1,2,2,122,At Risk
15279.0,354,7,1541.74,2,3,3,233,Loyal Customers
15280.0,171,3,406.21999999999997,2,2,2,222,Others
15281.0,58,22,8317.62,3,4,4,344,Loyal Customers
15282.0,569,1,348.59,1,1,2,112,At Risk
15283.0,389,4,135.43,1,2,1,121,At Risk
15284.0,499,1,24.75,1,1,1,111,At Risk
15285.0,407,1,94.92,1,1,1,111,At Risk
15286.0,49,1,240.55,3,1,1,311,Others
15287.0,21,6,854.58,4,3,3,433,Loyal Customers
15288.0,42,10,3883.13,3,4,4,344,Loyal Customers
15289.0,28,7,1570.71,3,3,3,333,Loyal Customers
15290.0,4,30,10355.58,4,4,4,444,Champions
15291.0,25,53,13451.24,3,4,4,344,Loyal Customers
15292.0,200,1,180.94,2,1,1,211,Others
15293.0,665,1,247.5,1,1,1,111,At Risk
15294.0,399,2,222.3,1,1,1,111,At Risk
15295.0,653,1,217.23999999999998,1,1,1,111,At Risk
15296.0,43,20,10223.93,3,4,4,344,Loyal Customers
15297.0,9,4,635.04,4,2,2,422,Recent Customers
15298.0,1,29,8356.03,4,4,4,444,Champions
15299.0,66,15,7243.62,3,4,4,344,Loyal Customers
15300.0,63,1,496.44,3,1,2,312,Others
15301.0,50,19,7561.21,3,4,4,344,Loyal Customers
15302.0,721,2,291.05,1,1,1,111,At Risk
15303.0,289,4,1178.78,2,2,3,223,Others
15304.0,60,11,905.45,3,4,3,343,Loyal Customers
15305.0,554,1,93.6,1,1,1,111,At Risk
15306.0,63,10,3480.98,3,4,4,344,Loyal Customers
15307.0,95,1,205.3,3,1,1,311,Others
15308.0,270,2,302.27,2,1,1,211,Others
15309.0,610,10,715.53,1,4,2,142,At Risk
15310.0,478,1,1634.64,1,1,3,113,At Risk
15311.0,0,270,113513.07,4,4,4,444,Champions
15312.0,74,14,2916.4900000000002,3,4,4,344,Loyal Customers
15313.0,109,1,52.0,2,1,1,211,Others
15314.0,198,4,800.65,2,2,2,222,Others
15315.0,63,3,551.54,3,2,2,322,Others
15316.0,326,1,165.0,2,1,1,211,Others
15317.0,676,2,112.05000000000001,1,1,1,111,At Risk
15318.0,3,1,312.62,4,1,1,411,Recent Customers
15319.0,283,1,204.5,2,1,1,211,Others
15320.0,43,1,267.13,3,1,1,311,Others
15321.0,48,18,6560.650000000001,3,4,4,344,Loyal Customers
15322.0,63,3,1314.15,3,2,3,323,Others
15323.0,532,4,320.9,1,2,1,121,At Risk
15324.0,700,1,140.22000000000003,1,1,1,111,At Risk
15325.0,103,9,1596.81,2,4,3,243,Loyal Customers
15326.0,333,10,1529.82,2,4,3,243,Loyal Customers
15327.0,52,1,208.75,3,1,1,311,Others
15328.0,407,1,107.24,1,1,1,111,At Risk
15329.0,34,20,2742.98,3,4,4,344,Loyal Customers
15330.0,31,2,714.96,3,1,2,312,Others
15331.0,499,4,755.41,1,2,2,122,At Risk
15332.0,365,6,6553.74,2,3,4,234,Loyal Customers
15333.0,207,1,1028.56,2,1,3,213,Others
15334.0,156,3,351.67,2,2,2,222,Others
15335.0,53,1,173.97,3,1,1,311,Others
15336.0,401,1,240.5,1,1,1,111,At Risk
15337.0,402,2,344.72,1,1,2,112,At Risk
15338.0,676,1,283.43,1,1,1,111,At Risk
15339.0,65,11,1634.09,3,4,3,343,Loyal Customers
15340.0,561,1,105.5,1,1,1,111,At Risk
15341.0,80,3,2401.02,3,2,4,324,Others
15342.0,115,2,391.76,2,1,2,212,Others
15343.0,86,1,364.5,3,1,2,312,Others
15344.0,0,5,476.58,4,3,2,432,Recent Customers
15345.0,34,2,367.69,3,1,2,312,Others
15346.0,332,4,591.65,2,2,2,222,Others
15347.0,365,6,1333.9,2,3,3,233,Loyal Customers
15348.0,71,1,158.04,3,1,1,311,Others
15349.0,157,2,473.81,2,1,2,212,Others
15350.0,372,2,663.25,2,1,2,212,Others
15351.0,11,15,3615.18,4,4,4,444,Champions
15352.0,548,1,114.95,1,1,1,111,At Risk
15353.0,254,8,3154.05,2,3,4,234,Loyal Customers
15354.0,598,7,-94.8,1,3,1,131,At Risk
15355.0,28,2,277.05,3,1,1,311,Others
15356.0,30,13,3464.95,3,4,4,344,Loyal Customers
15357.0,681,1,-36.75,1,1,1,111,At Risk
15358.0,4,55,16837.35,4,4,4,444,Champions
15359.0,554,9,162.6,1,4,1,141,At Risk
15360.0,39,1,427.93,3,1,2,312,Others
15361.0,361,4,689.07,2,2,2,222,Others
15362.0,448,2,613.08,1,1,2,112,At Risk
15363.0,240,3,996.16,2,2,3,223,Others
15364.0,95,2,913.19,3,1,3,313,Others
15365.0,25,15,3573.26,3,4,4,344,Loyal Customers
15366.0,74,7,2389.08,3,3,4,334,Loyal Customers
15367.0,56,13,5005.7300000000005,3,4,4,344,Loyal Customers
15368.0,20,2,722.74,4,1,2,412,Recent Customers
15369.0,143,13,1713.39,2,4,3,243,Loyal Customers
15370.0,40,9,3713.51,3,4,4,344,Loyal Customers
15371.0,661,1,59.400000000000006,1,1,1,111,At Risk
15372.0,136,10,5954.42,2,4,4,244,Loyal Customers
15373.0,7,18,3218.59,4,4,4,444,Champions
15374.0,128,2,307.32,2,1,1,211,Others
15375.0,689,1,60.959999999999994,1,1,1,111,At Risk
15376.0,39,3,1233.3600000000001,3,2,3,323,Others
15377.0,382,5,1179.95,1,3,3,133,Loyal Customers
15378.0,462,2,246.5,1,1,1,111,At Risk
15379.0,168,9,4806.4400000000005,2,4,4,244,Loyal Customers
15380.0,8,13,3422.2000000000003,4,4,4,444,Champions
15381.0,213,6,1887.62,2,3,3,233,Loyal Customers
15382.0,14,20,13646.5,4,4,4,444,Champions
15383.0,681,1,-10.5,1,1,1,111,At Risk
15384.0,169,5,2014.49,2,3,3,233,Loyal Customers
15385.0,39,3,942.08,3,2,3,323,Others
15386.0,185,1,394.14,2,1,2,212,Others
15387.0,491,1,468.65,1,1,2,112,At Risk
15388.0,269,1,140.54,2,1,1,211,Others
15389.0,171,5,2733.8,2,3,4,234,Loyal Customers
15390.0,395,2,1216.66,1,1,3,113,At Risk
15391.0,570,2,282.92,1,1,1,111,At Risk
15392.0,4,8,2891.82,4,3,4,434,Loyal Customers
15393.0,15,5,891.34,4,3,3,433,Loyal Customers
15394.0,9,13,5251.4,4,4,4,444,Champions
15395.0,325,1,107.45,2,1,1,211,Others
15396.0,112,2,796.38,2,1,2,212,Others
15397.0,289,1,94.0,2,1,1,211,Others
15398.0,15,3,1339.63,4,2,3,423,Recent Customers
15399.0,0,3,815.77,4,2,2,422,Recent Customers
15400.0,91,9,1252.8,3,4,3,343,Loyal Customers
15401.0,451,2,216.95000000000002,1,1,1,111,At Risk
15402.0,148,7,1816.64,2,3,3,233,Loyal Customers
15403.0,491,2,170.88,1,1,1,111,At Risk
15404.0,375,1,257.06,2,1,1,211,Others
15405.0,188,2,659.84,2,1,2,212,Others
15406.0,17,6,891.77,4,3,3,433,Loyal Customers
15407.0,33,4,1056.44,3,2,3,323,Others
15408.0,263,1,267.18,2,1,1,211,Others
15409.0,701,2,117.2,1,1,1,111,At Risk
15410.0,83,10,4685.72,3,4,4,344,Loyal Customers
15411.0,25,5,1346.38,3,3,3,333,Loyal Customers
15412.0,170,1,190.53,2,1,1,211,Others
15413.0,429,7,-2531.3799999999997,1,3,1,131,At Risk
15414.0,9,3,774.9000000000001,4,2,2,422,Recent Customers
15415.0,312,1,572.8100000000001,2,1,2,212,Others
15416.0,64,9,4554.65,3,4,4,344,Loyal Customers
15417.0,84,1,508.8,3,1,2,312,Others
15418.0,424,2,452.32,1,1,2,112,At Risk
15419.0,24,1,135.86,4,1,1,411,Recent Customers
15420.0,433,6,743.0,1,3,2,132,At Risk
15421.0,58,10,3805.34,3,4,4,344,Loyal Customers
15422.0,322,8,1615.02,2,3,3,233,Loyal Customers
15423.0,37,4,219.14,3,2,1,321,Others
15424.0,253,3,597.78,2,2,2,222,Others
15425.0,399,4,1944.57,1,2,3,123,At Risk
15426.0,18,11,2592.95,4,4,4,444,Champions
15427.0,32,3,1483.14,3,2,3,323,Others
15428.0,14,4,762.75,4,2,2,422,Recent Customers
15429.0,26,3,364.90000000000003,3,2,2,322,Others
15430.0,467,3,903.75,1,2,3,123,At Risk
15431.0,502,1,153.24,1,1,1,111,At Risk
15432.0,22,4,301.26,4,2,1,421,Recent Customers
15433.0,78,3,417.87,3,2,2,322,Others
15434.0,7,13,2517.11,4,4,4,444,Champions
15435.0,21,1,149.29,4,1,1,411,Recent Customers
15436.0,11,3,1122.53,4,2,3,423,Recent Customers
15437.0,261,2,393.45,2,1,2,212,Others
15438.0,130,1,156.57999999999998,2,1,1,211,Others
15439.0,404,4,1269.05,1,2,3,123,At Risk
15440.0,54,3,383.68,3,2,2,322,Others
15441.0,395,3,1254.21,1,2,3,123,At Risk
15442.0,248,1,594.0,2,1,2,212,Others
15443.0,1,16,5116.14,4,4,4,444,Champions
15444.0,8,2,1418.26,4,1,3,413,Recent Customers
15445.0,263,2,284.5,2,1,1,211,Others
15446.0,376,5,398.85,2,3,2,232,Others
15447.0,330,6,484.93,2,3,2,232,Others
15448.0,312,2,788.81,2,1,2,212,Others
15449.0,25,5,971.22,3,3,3,333,Loyal Customers
15450.0,29,1,429.84,3,1,2,312,Others
15451.0,433,2,233.21,1,1,1,111,At Risk
15452.0,29,6,1799.1100000000001,3,3,3,333,Loyal Customers
15453.0,1,7,1388.37,4,3,3,433,Loyal Customers
15454.0,361,2,307.69,2,1,1,211,Others
15455.0,597,1,38.25,1,1,1,111,At Risk
15456.0,282,10,2119.27,2,4,3,243,Loyal Customers
15457.0,261,1,237.07,2,1,1,211,Others
15458.0,24,2,370.43999999999994,4,1,2,412,Recent Customers
15459.0,416,2,202.82999999999998,1,1,1,111,At Risk
15460.0,353,1,216.76,2,1,1,211,Others
15461.0,460,3,391.29999999999995,1,2,2,122,At Risk
15462.0,93,4,737.05,3,2,2,322,Others
15463.0,28,1,126.14,3,1,1,311,Others
15464.0,337,1,1048.85,2,1,3,213,Others
15465.0,19,39,12226.15,4,4,4,444,Champions
15466.0,84,4,1571.01,3,2,3,323,Others
15467.0,8,4,511.88,4,2,2,422,Recent Customers
15468.0,34,7,1387.48,3,3,3,333,Loyal Customers
15469.0,42,6,834.4,3,3,2,332,Others
15470.0,575,1,63.419999999999995,1,1,1,111,At Risk
15471.0,1,3,1316.56,4,2,3,423,Recent Customers
15472.0,112,1,371.56,2,1,2,212,Others
15473.0,13,11,1740.0,4,4,3,443,Loyal Customers
15474.0,595,1,163.1,1,1,1,111,At Risk
15475.0,76,1,454.10999999999996,3,1,2,312,Others
15476.0,379,5,2180.28,2,3,3,233,Loyal Customers
15477.0,649,1,368.4,1,1,2,112,At Risk
15478.0,39,3,2024.98,3,2,3,323,Others
15479.0,732,1,147.4,1,1,1,111,At Risk
15480.0,115,7,3592.25,2,3,4,234,Loyal Customers
15481.0,400,1,1993.34,1,1,3,113,At Risk
15482.0,15,24,8107.83,4,4,4,444,Champions
15483.0,160,10,862.2,2,4,3,243,Loyal Customers
15484.0,0,7,4624.8,4,3,4,434,Loyal Customers
15485.0,29,8,5624.51,3,3,4,334,Loyal Customers
15486.0,526,1,102.0,1,1,1,111,At Risk
15487.0,679,1,231.32,1,1,1,111,At Risk
15488.0,92,5,431.92,3,3,2,332,Others
15489.0,22,12,2327.36,4,4,4,444,Champions
15490.0,429,2,188.1,1,1,1,111,At Risk
15491.0,94,7,3090.85,3,3,4,334,Loyal Customers
15492.0,27,2,659.4599999999999,3,1,2,312,Others
15493.0,32,11,4280.43,3,4,4,344,Loyal Customers
15494.0,20,6,3770.95,4,3,4,434,Loyal Customers
15495.0,378,1,246.5,2,1,1,211,Others
15496.0,630,1,146.14000000000001,1,1,1,111,At Risk
15497.0,17,11,8643.46,4,4,4,444,Champions
15498.0,0,55,23860.81,4,4,4,444,Champions
15499.0,723,1,161.6,1,1,1,111,At Risk
15500.0,7,4,1131.56,4,2,3,423,Recent Customers
15501.0,404,2,402.5,1,1,2,112,At Risk
15502.0,15,27,8673.53,4,4,4,444,Champions
15503.0,362,2,267.15,2,1,1,211,Others
15504.0,80,5,413.9,3,3,2,332,Others
15505.0,52,7,3497.14,3,3,4,334,Loyal Customers
15506.0,22,6,2040.03,4,3,3,433,Loyal Customers
15507.0,171,1,492.36,2,1,2,212,Others
15508.0,188,6,1000.27,2,3,3,233,Loyal Customers
15509.0,379,1,166.51,2,1,1,211,Others
15510.0,330,1,250.0,2,1,1,211,Others
15511.0,11,5,909.23,4,3,3,433,Loyal Customers
15512.0,155,4,331.58,2,2,2,222,Others
15513.0,30,41,27264.45,3,4,4,344,Loyal Customers
15514.0,11,20,5422.28,4,4,4,444,Champions
15515.0,386,1,171.81,1,1,1,111,At Risk
15516.0,44,3,62.43,3,2,1,321,Others
15517.0,232,1,267.03,2,1,1,211,Others
15518.0,63,23,4103.78,3,4,4,344,Loyal Customers
15519.0,382,2,344.61,1,1,2,112,At Risk
15520.0,1,1,343.5,4,1,2,412,Recent Customers
15521.0,35,24,6674.44,3,4,4,344,Loyal Customers
15522.0,32,2,398.84,3,1,2,312,Others
15523.0,83,18,17220.04,3,4,4,344,Loyal Customers
15524.0,24,2,591.4,4,1,2,412,Recent Customers
15525.0,1,5,1280.8,4,3,3,433,Loyal Customers
15526.0,32,2,148.44,3,1,1,311,Others
15527.0,18,31,5041.78,4,4,4,444,Champions
15528.0,253,1,229.33,2,1,1,211,Others
15529.0,22,13,5084.5,4,4,4,444,Champions
15530.0,21,5,1813.72,4,3,3,433,Loyal Customers
15531.0,7,2,2007.44,4,1,3,413,Recent Customers
15532.0,24,12,3708.05,4,4,4,444,Champions
15533.0,18,5,746.92,4,3,2,432,Recent Customers
15534.0,725,1,162.25,1,1,1,111,At Risk
15535.0,172,10,985.82,2,4,3,243,Loyal Customers
15536.0,408,1,259.09,1,1,1,111,At Risk
15537.0,162,1,110.92,2,1,1,211,Others
15538.0,537,11,3027.15,1,4,4,144,Loyal Customers
15539.0,6,1,538.46,4,1,2,412,Recent Customers
15540.0,10,2,460.68,4,1,2,412,Recent Customers
15541.0,113,1,85.13000000000001,2,1,1,211,Others
15542.0,511,4,895.9,1,2,3,123,At Risk
15543.0,287,2,242.84,2,1,1,211,Others
15544.0,8,26,8134.12,4,4,4,444,Champions
15545.0,53,2,428.05,3,1,2,312,Others
15546.0,606,3,539.5500000000001,1,2,2,122,At Risk
15547.0,6,28,10140.89,4,4,4,444,Champions
15548.0,595,1,158.09,1,1,1,111,At Risk
15549.0,76,9,2308.46,3,4,4,344,Loyal Customers
15550.0,3,14,1995.6,4,4,3,443,Loyal Customers
15551.0,36,9,1659.28,3,4,3,343,Loyal Customers
15552.0,216,2,252.52,2,1,1,211,Others
15553.0,59,1,437.23,3,1,2,312,Others
15554.0,277,1,217.2,2,1,1,211,Others
15555.0,11,46,11744.08,4,4,4,444,Champions
15556.0,23,1,279.77,4,1,1,411,Recent Customers
15557.0,28,1,473.65000000000003,3,1,2,312,Others
15558.0,638,2,143.32999999999998,1,1,1,111,At Risk
15559.0,567,1,1109.4,1,1,3,113,At Risk
15560.0,397,2,153.52,1,1,1,111,At Risk
15561.0,11,9,1856.54,4,4,3,443,Loyal Customers
15562.0,351,3,673.3800000000001,2,2,2,222,Others
15563.0,8,11,2781.21,4,4,4,444,Champions
15564.0,462,2,70.74000000000001,1,1,1,111,At Risk
15565.0,49,2,173.16,3,1,1,311,Others
15566.0,392,2,227.87,1,1,1,111,At Risk
15567.0,18,1,186.01,4,1,1,411,Recent Customers
15568.0,2,3,758.29,4,2,2,422,Recent Customers
15569.0,103,10,3586.35,2,4,4,244,Loyal Customers
15570.0,6,27,9246.99,4,4,4,444,Champions
15571.0,11,14,4051.63,4,4,4,444,Champions
15572.0,4,10,4068.67,4,4,4,444,Champions
15573.0,31,5,1207.18,3,3,3,333,Loyal Customers
15574.0,177,7,1476.7,2,3,3,233,Loyal Customers
15575.0,619,1,30.1,1,1,1,111,At Risk
15576.0,37,1,940.6700000000001,3,1,3,313,Others
15577.0,150,5,397.98,2,3,2,232,Others
15578.0,161,1,127.1,2,1,1,211,Others
15579.0,68,7,1267.25,3,3,3,333,Loyal Customers
15580.0,376,14,1221.95,2,4,3,243,Loyal Customers
15581.0,120,43,5797.780000000001,2,4,4,244,Loyal Customers
15582.0,24,3,682.9100000000001,4,2,2,422,Recent Customers
15583.0,375,1,107.86,2,1,1,211,Others
15584.0,23,7,1275.0,4,3,3,433,Loyal Customers
15585.0,176,1,455.3,2,1,2,212,Others
15586.0,590,4,1128.66,1,2,3,123,At Risk
15587.0,49,7,1522.0800000000002,3,3,3,333,Loyal Customers
15588.0,677,1,579.6,1,1,2,112,At Risk
15589.0,252,4,456.58,2,2,2,222,Others
15590.0,288,6,1466.41,2,3,3,233,Loyal Customers
15591.0,582,3,217.9,1,2,1,121,At Risk
15592.0,46,1,388.58,3,1,2,312,Others
15593.0,70,1,199.8,3,1,1,311,Others
15594.0,15,6,1767.53,4,3,3,433,Loyal Customers
15595.0,487,1,357.6,1,1,2,112,At Risk
15596.0,100,16,3023.59,2,4,4,244,Loyal Customers
15597.0,29,3,554.52,3,2,2,322,Others
15598.0,34,4,543.02,3,2,2,322,Others
15599.0,26,3,1250.06,3,2,3,323,Others
15600.0,427,5,1178.71,1,3,3,133,Loyal Customers
15601.0,10,35,14919.220000000001,4,4,4,444,Champions
15602.0,7,25,2975.9700000000003,4,4,4,444,Champions
15603.0,78,3,74.73,3,2,1,321,Others
15604.0,51,1,216.39,3,1,1,311,Others
15605.0,35,10,1933.4,3,4,3,343,Loyal Customers
15606.0,56,19,4733.47,3,4,4,344,Loyal Customers
15607.0,336,13,1578.57,2,4,3,243,Loyal Customers
15608.0,27,5,1785.98,3,3,3,333,Loyal Customers
15609.0,182,2,270.03000000000003,2,1,1,211,Others
15610.0,51,1,112.46000000000001,3,1,1,311,Others
15611.0,9,32,2858.37,4,4,4,444,Champions
15612.0,35,2,195.15,3,1,1,311,Others
15613.0,609,1,433.71999999999997,1,1,2,112,At Risk
15614.0,427,7,3008.86,1,3,4,134,Loyal Customers
15615.0,9,54,21282.07,4,4,4,444,Champions
15616.0,437,1,317.11,1,1,1,111,At Risk
15617.0,395,3,828.5500000000001,1,2,2,122,At Risk
15618.0,32,5,747.031,3,3,2,332,Others
15619.0,10,1,336.40000000000003,4,1,2,412,Recent Customers
15620.0,49,8,1909.93,3,3,3,333,Loyal Customers
15621.0,3,6,1158.77,4,3,3,433,Loyal Customers
15622.0,2,30,7318.08,4,4,4,444,Champions
15623.0,140,8,2437.05,2,3,4,234,Loyal Customers
15624.0,116,4,588.13,2,2,2,222,Others
15625.0,99,14,3203.25,2,4,4,244,Loyal Customers
15626.0,74,4,1049.37,3,2,3,323,Others
15627.0,456,2,566.9,1,1,2,112,At Risk
15628.0,4,21,5603.360000000001,4,4,4,444,Champions
15629.0,449,4,2240.9,1,2,4,124,At Risk
15630.0,44,4,1475.45,3,2,3,323,Others
15631.0,641,1,596.67,1,1,2,112,At Risk
15632.0,15,10,3147.31,4,4,4,444,Champions
15633.0,508,18,4173.41,1,4,4,144,Loyal Customers
15634.0,16,2,554.65,4,1,2,412,Recent Customers
15635.0,395,1,100.35,1,1,1,111,At Risk
15636.0,89,4,1444.58,3,2,3,323,Others
15637.0,52,5,797.59,3,3,2,332,Others
15638.0,300,9,2137.2,2,4,3,243,Loyal Customers
15639.0,133,5,1028.33,2,3,3,233,Loyal Customers
15640.0,3,34,23835.41,4,4,4,444,Champions
15641.0,104,12,5345.55,2,4,4,244,Loyal Customers
15642.0,729,1,105.78000000000002,1,1,1,111,At Risk
15643.0,178,6,647.4,2,3,2,232,Others
15644.0,165,4,813.0,2,2,2,222,Others
15645.0,18,4,1042.57,4,2,3,423,Recent Customers
15646.0,157,6,952.11,2,3,3,233,Loyal Customers
15647.0,414,1,169.0,1,1,1,111,At Risk
15648.0,203,4,599.9,2,2,2,222,Others
15649.0,335,4,2170.35,2,2,3,223,Others
15650.0,514,3,539.03,1,2,2,122,At Risk
15651.0,36,5,1259.06,3,3,3,333,Loyal Customers
15652.0,90,6,1411.84,3,3,3,333,Loyal Customers
15653.0,92,2,877.4399999999999,3,1,3,313,Others
15654.0,8,2,922.53,4,1,3,413,Recent Customers
15655.0,232,2,511.32,2,1,2,212,Others
15656.0,44,4,748.5,3,2,2,322,Others
15657.0,22,1,30.0,4,1,1,411,Recent Customers
15658.0,189,13,2270.34,2,4,4,244,Loyal Customers
15659.0,43,3,532.49,3,2,2,322,Others
15660.0,24,18,2764.14,4,4,4,444,Champions
15661.0,316,8,1215.95,2,3,3,233,Loyal Customers
15662.0,660,2,283.73,1,1,1,111,At Risk
15663.0,105,1,138.14,2,1,1,211,Others
15664.0,50,7,1212.35,3,3,3,333,Loyal Customers
15665.0,167,5,4015.12,2,3,4,234,Loyal Customers
15666.0,471,2,632.9399999999999,1,1,2,112,At Risk
15667.0,39,1,301.32,3,1,1,311,Others
15668.0,217,1,76.32000000000001,2,1,1,211,Others
15669.0,39,5,677.69,3,3,2,332,Others
15670.0,296,3,315.2,2,2,1,221,Others
15671.0,18,10,2635.4900000000002,4,4,4,444,Champions
15672.0,724,1,45.300000000000004,1,1,1,111,At Risk
15673.0,87,10,6409.84,3,4,4,344,Loyal Customers
15674.0,72,18,6217.85,3,4,4,344,Loyal Customers
15675.0,80,4,542.04,3,2,2,322,Others
15676.0,8,5,3324.09,4,3,4,434,Loyal Customers
15677.0,48,3,1305.63,3,2,3,323,Others
15678.0,52,3,1893.89,3,2,3,323,Others
15679.0,23,4,781.28,4,2,2,422,Recent Customers
15680.0,8,12,4464.4800000000005,4,4,4,444,Champions
15681.0,17,16,2480.2,4,4,4,444,Champions
15682.0,598,3,316.99,1,2,1,121,At Risk
15683.0,116,2,524.54,2,1,2,212,Others
15684.0,546,6,147.8,1,3,1,131,At Risk
15685.0,449,1,55.980000000000004,1,1,1,111,At Risk
15686.0,419,1,90.0,1,1,1,111,At Risk
15687.0,8,11,2981.5,4,4,4,444,Champions
15688.0,418,1,190.57,1,1,1,111,At Risk
15689.0,119,3,521.03,2,2,2,222,Others
15690.0,3,2,239.76,4,1,1,411,Recent Customers
15691.0,251,5,511.8,2,3,2,232,Others
15692.0,27,1,191.04,3,1,1,311,Others
15693.0,658,1,37.5,1,1,1,111,At Risk
15694.0,0,29,10566.46,4,4,4,444,Champions
15695.0,266,4,1131.04,2,2,3,223,Others
15696.0,32,21,3757.4700000000003,3,4,4,344,Loyal Customers
15697.0,689,1,246.75,1,1,1,111,At Risk
15698.0,623,1,46.2,1,1,1,111,At Risk
15699.0,17,1,309.65,4,1,1,411,Recent Customers
15700.0,171,3,664.03,2,2,2,222,Others
15701.0,1,4,1542.14,4,2,3,423,Recent Customers
15702.0,475,2,140.39000000000001,1,1,1,111,At Risk
15703.0,264,1,211.5,2,1,1,211,Others
15704.0,139,8,3744.1800000000003,2,3,4,234,Loyal Customers
15705.0,200,1,143.1,2,1,1,211,Others
15706.0,59,7,1001.8100000000001,3,3,3,333,Loyal Customers
15707.0,34,4,945.58,3,2,3,323,Others
15708.0,40,14,4323.9800000000005,3,4,4,344,Loyal Customers
15709.0,283,2,327.85,2,1,2,212,Others
15710.0,416,1,898.87,1,1,3,113,At Risk
15711.0,556,2,420.25,1,1,2,112,At Risk
15712.0,8,13,3467.46,4,4,4,444,Champions
15713.0,142,6,985.99,2,3,3,233,Loyal Customers
15714.0,11,5,784.8100000000001,4,3,2,432,Recent Customers
15715.0,555,5,658.02,1,3,2,132,At Risk
15716.0,145,11,3056.81,2,4,4,244,Loyal Customers
15717.0,233,5,607.0,2,3,2,232,Others
15718.0,539,1,293.79,1,1,1,111,At Risk
15719.0,32,39,10134.36,3,4,4,344,Loyal Customers
15720.0,23,2,741.92,4,1,2,412,Recent Customers
15721.0,11,1,507.08,4,1,2,412,Recent Customers
15722.0,35,15,5120.05,3,4,4,344,Loyal Customers
15723.0,364,4,947.65,2,2,3,223,Others
15724.0,200,5,299.8,2,3,1,231,Others
15725.0,14,1,415.25,4,1,2,412,Recent Customers
15726.0,389,1,321.91,1,1,1,111,At Risk
15727.0,16,15,9445.51,4,4,4,444,Champions
15728.0,48,3,409.80000000000007,3,2,2,322,Others
15729.0,197,5,154.70000000000002,2,3,1,231,Others
15730.0,65,7,1708.18,3,3,3,333,Loyal Customers
15731.0,553,1,125.3,1,1,1,111,At Risk
15732.0,211,12,1637.52,2,4,3,243,Loyal Customers
15733.0,282,1,162.3,2,1,1,211,Others
15734.0,114,4,2263.3,2,2,4,224,Others
15735.0,420,1,327.68,1,1,2,112,At Risk
15736.0,429,3,1717.27,1,2,3,123,At Risk
15737.0,14,12,1121.21,4,4,3,443,Loyal Customers
15738.0,18,45,13342.12,4,4,4,444,Champions
15739.0,65,1,449.12,3,1,2,312,Others
15740.0,48,1,154.88,3,1,1,311,Others
15741.0,457,2,208.62,1,1,1,111,At Risk
15742.0,618,1,156.87,1,1,1,111,At Risk
15743.0,15,4,784.46,4,2,2,422,Recent Customers
15744.0,77,1,34.8,3,1,1,311,Others
15745.0,8,6,1071.24,4,3,3,433,Loyal Customers
15746.0,133,2,182.96,2,1,1,211,Others
15747.0,12,10,2560.66,4,4,4,444,Champions
15748.0,39,3,614.7600000000001,3,2,2,322,Others
15749.0,234,4,21535.9,2,2,4,224,Others
15750.0,2,24,6692.551,4,4,4,444,Champions
15751.0,460,14,1318.84,1,4,3,143,Loyal Customers
15752.0,39,10,4199.09,3,4,4,344,Loyal Customers
15753.0,304,1,79.2,2,1,1,211,Others
15754.0,50,12,3001.86,3,4,4,344,Loyal Customers
15755.0,0,20,5936.95,4,4,4,444,Champions
15756.0,60,4,532.96,3,2,2,322,Others
15757.0,65,6,2940.36,3,3,4,334,Loyal Customers
15758.0,24,1,205.25,4,1,1,411,Recent Customers
15759.0,217,10,810.98,2,4,2,242,Others
15760.0,630,5,-5795.87,1,3,1,131,At Risk
15761.0,442,1,143.05,1,1,1,111,At Risk
15762.0,64,2,583.75,3,1,2,312,Others
15763.0,31,3,1048.67,3,2,3,323,Others
15764.0,80,14,4453.28,3,4,4,344,Loyal Customers
15765.0,666,1,370.63,1,1,2,112,At Risk
15766.0,63,4,799.66,3,2,2,322,Others
15767.0,640,2,-242.70000000000002,1,1,1,111,At Risk
15768.0,115,36,15559.46,2,4,4,244,Loyal Customers
15769.0,6,51,84269.38,4,4,4,444,Champions
15770.0,612,1,321.45,1,1,1,111,At Risk
15771.0,603,3,1006.54,1,2,3,123,At Risk
15772.0,417,1,280.88,1,1,1,111,At Risk
15773.0,5,2,774.52,4,1,2,412,Recent Customers
15774.0,68,7,1324.2,3,3,3,333,Loyal Customers
15775.0,244,2,150.5,2,1,1,211,Others
15776.0,132,1,241.62,2,1,1,211,Others
15777.0,240,9,1732.1599999999999,2,4,3,243,Loyal Customers
15778.0,430,1,307.95,1,1,1,111,At Risk
15779.0,462,2,124.08000000000001,1,1,1,111,At Risk
15780.0,183,3,475.28000000000003,2,2,2,222,Others
15781.0,24,4,333.56,4,2,2,422,Recent Customers
15782.0,9,6,3985.65,4,3,4,434,Loyal Customers
15783.0,10,1,246.3,4,1,1,411,Recent Customers
15784.0,467,2,848.3299999999999,1,1,3,113,At Risk
15785.0,29,26,5825.33,3,4,4,344,Loyal Customers
15786.0,43,9,8392.85,3,4,4,344,Loyal Customers
15787.0,25,3,948.05,3,2,3,323,Others
15788.0,500,2,215.53,1,1,1,111,At Risk
15789.0,357,7,1932.01,2,3,3,233,Loyal Customers
15790.0,9,1,220.85,4,1,1,411,Recent Customers
15791.0,43,9,3541.79,3,4,4,344,Loyal Customers
15792.0,399,2,933.84,1,1,3,113,At Risk
15793.0,8,9,2382.92,4,4,4,444,Champions
15794.0,735,2,777.0,1,1,2,112,At Risk
15795.0,149,8,1979.8700000000001,2,3,3,233,Loyal Customers
15796.0,0,22,5019.95,4,4,4,444,Champions
15797.0,112,6,2821.08,2,3,4,234,Loyal Customers
15798.0,492,3,1535.37,1,2,3,123,At Risk
15799.0,75,4,1424.29,3,2,3,323,Others
15800.0,106,7,1242.58,2,3,3,233,Loyal Customers
15801.0,45,4,1042.19,3,2,3,323,Others
15802.0,142,3,-451.42,2,2,1,221,Others
15803.0,50,4,1929.66,3,2,3,323,Others
15804.0,0,19,3848.55,4,4,4,444,Champions
15805.0,22,40,9708.92,4,4,4,444,Champions
15806.0,45,3,784.58,3,2,2,322,Others
15807.0,49,6,1807.57,3,3,3,333,Loyal Customers
15808.0,305,24,18248.83,2,4,4,244,Loyal Customers
15809.0,35,9,862.88,3,4,3,343,Loyal Customers
15810.0,78,13,2724.8,3,4,4,344,Loyal Customers
15811.0,16,10,3843.2200000000003,4,4,4,444,Champions
15812.0,106,13,5186.17,2,4,4,244,Loyal Customers
15813.0,207,2,1303.9099999999999,2,1,3,213,Others
15814.0,2,8,2531.84,4,3,4,434,Loyal Customers
15815.0,63,5,2100.6,3,3,3,333,Loyal Customers
15816.0,541,3,93.3,1,2,1,121,At Risk
15817.0,420,3,2766.4,1,2,4,124,At Risk
15818.0,587,1,340.5,1,1,2,112,At Risk
15819.0,48,11,3911.28,3,4,4,344,Loyal Customers
15820.0,319,1,206.98,2,1,1,211,Others
15821.0,43,2,570.96,3,1,2,312,Others
15822.0,2,8,1777.91,4,3,3,433,Loyal Customers
15823.0,336,6,3033.86,2,3,4,234,Loyal Customers
15824.0,452,2,890.94,1,1,3,113,At Risk
15825.0,171,1,532.94,2,1,2,212,Others
15826.0,50,6,2583.13,3,3,4,334,Loyal Customers
15827.0,72,42,3430.96,3,4,4,344,Loyal Customers
15828.0,374,1,1108.82,2,1,3,213,Others
15829.0,98,2,636.14,2,1,2,212,Others
15830.0,28,2,547.7,3,1,2,312,Others
15831.0,57,4,747.76,3,2,2,322,Others
15832.0,253,1,836.79,2,1,2,212,Others
15833.0,737,1,80.4,1,1,1,111,At Risk
15834.0,69,9,3600.29,3,4,4,344,Loyal Customers
15835.0,43,4,954.09,3,2,3,323,Others
15836.0,44,2,117.47,3,1,1,311,Others
15837.0,64,2,777.01,3,1,2,312,Others
15838.0,10,38,73404.11,4,4,4,444,Champions
15839.0,24,5,1020.74,4,3,3,433,Loyal Customers
15840.0,58,3,345.66,3,2,2,322,Others
15841.0,63,12,2716.5,3,4,4,344,Loyal Customers
15842.0,387,3,528.75,1,2,2,122,At Risk
15843.0,303,1,118.95000000000002,2,1,1,211,Others
15844.0,45,1,130.73999999999998,3,1,1,311,Others
15845.0,17,14,4273.65,4,4,4,444,Champions
15846.0,384,1,107.01,1,1,1,111,At Risk
15847.0,37,5,822.57,3,3,2,332,Others
15848.0,621,1,139.94,1,1,1,111,At Risk
15849.0,595,1,-5876.34,1,1,1,111,At Risk
15850.0,18,6,1058.72,4,3,3,433,Loyal Customers
15851.0,526,1,109.73,1,1,1,111,At Risk
15852.0,186,3,257.26,2,2,1,221,Others
15853.0,51,1,110.8,3,1,1,311,Others
15854.0,3,21,5583.81,4,4,4,444,Champions
15855.0,136,6,1052.72,2,3,3,233,Loyal Customers
15856.0,3,58,33817.44,4,4,4,444,Champions
15857.0,18,2,570.48,4,1,2,412,Recent Customers
15858.0,15,15,3917.87,4,4,4,444,Champions
15859.0,431,1,438.46,1,1,2,112,At Risk
15860.0,40,17,2505.21,3,4,4,344,Loyal Customers
15861.0,11,15,4217.99,4,4,4,444,Champions
15862.0,7,13,2928.29,4,4,4,444,Champions
15863.0,25,5,358.7,3,3,2,332,Others
15864.0,21,9,2014.22,4,4,3,443,Loyal Customers
15865.0,40,5,2248.92,3,3,4,334,Loyal Customers
15866.0,100,1,230.53,2,1,1,211,Others
15867.0,4,35,8974.85,4,4,4,444,Champions
15868.0,582,1,94.53,1,1,1,111,At Risk
15869.0,276,3,323.65999999999997,2,2,1,221,Others
15870.0,32,4,862.61,3,2,3,323,Others
15871.0,436,1,33.099999999999994,1,1,1,111,At Risk
15872.0,14,4,795.68,4,2,2,422,Recent Customers
15873.0,492,5,138.23999999999998,1,3,1,131,At Risk
15874.0,62,25,11135.0,3,4,4,344,Loyal Customers
15875.0,645,1,111.72,1,1,1,111,At Risk
15876.0,408,2,1449.1399999999999,1,1,3,113,At Risk
15877.0,1,3,440.78,4,2,2,422,Recent Customers
15878.0,561,2,330.77,1,1,2,112,At Risk
15879.0,403,4,1157.3,1,2,3,123,At Risk
15880.0,368,2,626.5600000000001,2,1,2,212,Others
15881.0,311,8,438.24,2,3,2,232,Others
15882.0,198,10,1448.91,2,4,3,243,Loyal Customers
15883.0,1,2,396.48,4,1,2,412,Recent Customers
15884.0,431,3,243.75000000000003,1,2,1,121,At Risk
15885.0,92,20,1737.57,3,4,3,343,Loyal Customers
15886.0,59,4,1052.8700000000001,3,2,3,323,Others
15887.0,406,3,1027.15,1,2,3,123,At Risk
15888.0,79,4,402.12,3,2,2,322,Others
15889.0,156,9,1795.83,2,4,3,243,Loyal Customers
15890.0,394,5,535.65,1,3,2,132,At Risk
15891.0,226,1,524.52,2,1,2,212,Others
15892.0,668,1,128.2,1,1,1,111,At Risk
15893.0,481,1,305.28000000000003,1,1,1,111,At Risk
15894.0,252,2,420.29,2,1,2,212,Others
15895.0,149,1,179.17,2,1,1,211,Others
15896.0,624,1,-1899.67,1,1,1,111,At Risk
15897.0,193,2,222.05,2,1,1,211,Others
15898.0,0,29,5534.36,4,4,4,444,Champions
15899.0,368,1,112.5,2,1,1,211,Others
15900.0,23,5,890.5,4,3,3,433,Loyal Customers
15901.0,16,9,684.23,4,4,2,442,Recent Customers
15902.0,379,1,145.01,2,1,1,211,Others
15903.0,9,15,8859.82,4,4,4,444,Champions
15904.0,7,1,164.68,4,1,1,411,Recent Customers
15905.0,542,1,114.69,1,1,1,111,At Risk
15906.0,19,12,2467.89,4,4,4,444,Champions
15907.0,3,3,967.45,4,2,3,423,Recent Customers
15908.0,490,2,764.57,1,1,2,112,At Risk
15909.0,173,1,191.94,2,1,1,211,Others
15910.0,0,15,2681.8,4,4,4,444,Champions
15911.0,447,10,1401.55,1,4,3,143,Loyal Customers
15912.0,177,9,1074.7,2,4,3,243,Loyal Customers
15913.0,533,1,6.300000000000001,1,1,1,111,At Risk
15914.0,377,2,205.99,2,1,1,211,Others
15915.0,401,1,429.21,1,1,2,112,At Risk
15916.0,15,17,3277.67,4,4,4,444,Champions
15917.0,247,5,560.63,2,3,2,232,Others
15918.0,190,3,582.88,2,2,2,222,Others
15919.0,19,2,910.61,4,1,3,413,Recent Customers
15920.0,153,9,571.64,2,4,2,242,Others
15921.0,172,4,802.11,2,2,2,222,Others
15922.0,371,2,727.2,2,1,2,212,Others
15923.0,372,1,254.16,2,1,1,211,Others
15924.0,730,1,102.82,1,1,1,111,At Risk
15925.0,193,1,207.15,2,1,1,211,Others
15926.0,541,1,134.44,1,1,1,111,At Risk
15927.0,646,1,123.39,1,1,1,111,At Risk
15928.0,655,1,293.53,1,1,1,111,At Risk
15929.0,643,1,594.0,1,1,2,112,At Risk
15930.0,66,1,426.63,3,1,2,312,Others
15931.0,427,1,239.9,1,1,1,111,At Risk
15932.0,3,11,2461.85,4,4,4,444,Champions
15933.0,20,3,1107.46,4,2,3,423,Recent Customers
15934.0,417,2,2190.66,1,1,4,114,At Risk
15935.0,238,3,108.03999999999999,2,2,1,221,Others
15936.0,378,2,282.79,2,1,1,211,Others
15937.0,63,1,145.35,3,1,1,311,Others
15938.0,111,9,734.81,2,4,2,242,Others
15939.0,89,17,9047.64,3,4,4,344,Loyal Customers
15940.0,310,3,-3.552713678800501e-15,2,2,1,221,Others
15941.0,512,2,230.6,1,1,1,111,At Risk
15942.0,133,1,337.44,2,1,2,212,Others
15943.0,649,2,271.28999999999996,1,1,1,111,At Risk
15944.0,276,4,2164.24,2,2,3,223,Others
15945.0,364,4,827.27,2,2,2,222,Others
15946.0,502,3,2304.18,1,2,4,124,At Risk
15947.0,82,1,1708.24,3,1,3,313,Others
15948.0,7,3,1509.0900000000001,4,2,3,423,Recent Customers
15949.0,16,2,364.72,4,1,2,412,Recent Customers
15950.0,1,13,6938.51,4,4,4,444,Champions
15951.0,0,4,974.52,4,2,3,423,Recent Customers
15952.0,33,4,806.57,3,2,2,322,Others
15953.0,14,21,3524.7,4,4,4,444,Champions
15954.0,588,1,190.75,1,1,1,111,At Risk
15955.0,23,25,8622.61,4,4,4,444,Champions
15956.0,550,2,617.6,1,1,2,112,At Risk
15957.0,31,3,930.1,3,2,3,323,Others
15958.0,73,4,492.99,3,2,2,322,Others
15959.0,681,3,579.49,1,2,2,122,At Risk
15960.0,373,5,394.0,2,3,2,232,Others
15961.0,378,1,451.28999999999996,2,1,2,212,Others
15962.0,448,1,295.83,1,1,1,111,At Risk
15963.0,19,2,470.76,4,1,2,412,Recent Customers
15964.0,662,1,272.96000000000004,1,1,1,111,At Risk
15965.0,16,14,2999.34,4,4,4,444,Champions
15966.0,443,2,399.58,1,1,2,112,At Risk
15967.0,22,13,3019.2,4,4,4,444,Champions
15968.0,387,1,418.05,1,1,2,112,At Risk
15969.0,2,6,1043.85,4,3,3,433,Loyal Customers
15970.0,303,2,1017.32,2,1,3,213,Others
15971.0,17,20,4930.43,4,4,4,444,Champions
15972.0,455,5,1810.27,1,3,3,133,Loyal Customers
15973.0,235,5,780.39,2,3,2,232,Others
15974.0,38,8,3429.55,3,3,4,334,Loyal Customers
15975.0,83,1,371.01,3,1,2,312,Others
15976.0,164,6,1746.6399999999999,2,3,3,233,Loyal Customers
15977.0,16,2,1054.73,4,1,3,413,Recent Customers
15978.0,76,5,3272.62,3,3,4,334,Loyal Customers
15979.0,602,1,329.22,1,1,2,112,At Risk
15980.0,88,9,6546.28,3,4,4,344,Loyal Customers
15981.0,24,27,9268.07,4,4,4,444,Champions
15982.0,604,1,324.51,1,1,1,111,At Risk
15983.0,21,8,3958.8199999999997,4,3,4,434,Loyal Customers
15984.0,2,32,8671.12,4,4,4,444,Champions
15985.0,122,8,2610.28,2,3,4,234,Loyal Customers
15986.0,29,2,354.42,3,1,2,312,Others
15987.0,11,8,1682.13,4,3,3,433,Loyal Customers
15988.0,18,3,770.09,4,2,2,422,Recent Customers
15989.0,375,2,372.51,2,1,2,212,Others
15990.0,43,7,2010.05,3,3,3,333,Loyal Customers
15991.0,533,1,150.55,1,1,1,111,At Risk
15992.0,3,3,896.6,4,2,3,423,Recent Customers
15993.0,8,10,2756.82,4,4,4,444,Champions
15994.0,54,5,1198.84,3,3,3,333,Loyal Customers
15995.0,413,1,696.19,1,1,2,112,At Risk
15996.0,87,8,1671.0,3,3,3,333,Loyal Customers
15997.0,616,1,-23.4,1,1,1,111,At Risk
15998.0,36,21,8220.39,3,4,4,344,Loyal Customers
15999.0,735,1,20.4,1,1,1,111,At Risk
16000.0,2,3,12393.7,4,2,4,424,Recent Customers
16001.0,380,2,519.06,2,1,2,212,Others
16002.0,624,1,169.21,1,1,1,111,At Risk
16003.0,29,10,5613.83,3,4,4,344,Loyal Customers
16004.0,474,5,2146.39,1,3,3,133,Loyal Customers
16005.0,11,11,2403.77,4,4,4,444,Champions
16006.0,210,2,347.17,2,1,2,212,Others
16007.0,47,7,3075.14,3,3,4,334,Loyal Customers
16008.0,23,15,5384.13,4,4,4,444,Champions
16009.0,21,4,992.71,4,2,3,423,Recent Customers
16010.0,245,12,1722.1100000000001,2,4,3,243,Loyal Customers
16011.0,7,30,5867.01,4,4,4,444,Champions
16012.0,34,5,2989.79,3,3,4,334,Loyal Customers
16013.0,3,94,52788.92,4,4,4,444,Champions
16014.0,35,6,1121.02,3,3,3,333,Loyal Customers
16015.0,3,4,690.54,4,2,2,422,Recent Customers
16016.0,2,14,2495.04,4,4,4,444,Champions
16017.0,46,5,1553.83,3,3,3,333,Loyal Customers
16018.0,38,4,698.13,3,2,2,322,Others
16019.0,1,35,16640.15,4,4,4,444,Champions
16020.0,16,3,851.01,4,2,3,423,Recent Customers
16021.0,394,2,532.25,1,1,2,112,At Risk
16022.0,259,1,628.28,2,1,2,212,Others
16023.0,45,3,719.81,3,2,2,322,Others
16024.0,11,3,484.2,4,2,2,422,Recent Customers
16025.0,29,1,439.65999999999997,3,1,2,312,Others
16026.0,42,1,236.09,3,1,1,311,Others
16027.0,91,18,1799.8400000000001,3,4,3,343,Loyal Customers
16028.0,595,1,82.2,1,1,1,111,At Risk
16029.0,38,125,91800.91,3,4,4,344,Loyal Customers
16030.0,309,1,331.24,2,1,2,212,Others
16031.0,91,2,548.94,3,1,2,312,Others
16032.0,455,6,1970.45,1,3,3,133,Loyal Customers
16033.0,5,36,10692.39,4,4,4,444,Champions
16034.0,195,7,925.77,2,3,3,233,Loyal Customers
16035.0,559,1,217.73,1,1,1,111,At Risk
16036.0,86,4,2556.84,3,2,4,324,Others
16037.0,269,7,1489.44,2,3,3,233,Loyal Customers
16038.0,7,4,454.33000000000004,4,2,2,422,Recent Customers
16039.0,423,3,449.65,1,2,2,122,At Risk
16040.0,64,8,2383.7000000000003,3,3,4,334,Loyal Customers
16041.0,30,3,3166.4,3,2,4,324,Others
16042.0,21,11,2153.0,4,4,3,443,Loyal Customers
16043.0,37,8,1856.5900000000001,3,3,3,333,Loyal Customers
16044.0,434,1,340.84000000000003,1,1,2,112,At Risk
16045.0,119,9,3187.03,2,4,4,244,Loyal Customers
16046.0,561,1,235.78,1,1,1,111,At Risk
16047.0,681,1,107.14,1,1,1,111,At Risk
16048.0,85,6,1056.53,3,3,3,333,Loyal Customers
16049.0,39,6,1899.68,3,3,3,333,Loyal Customers
16050.0,173,3,300.7,2,2,1,221,Others
16051.0,681,1,188.44,1,1,1,111,At Risk
16052.0,53,1,362.06,3,1,2,312,Others
16053.0,32,8,3606.14,3,3,4,334,Loyal Customers
16054.0,144,7,2090.68,2,3,3,233,Loyal Customers
16055.0,220,1,134.8,2,1,1,211,Others
16056.0,44,1,664.85,3,1,2,312,Others
16057.0,3,17,3202.07,4,4,4,444,Champions
16058.0,405,1,62.7,1,1,1,111,At Risk
16059.0,65,12,3217.77,3,4,4,344,Loyal Customers
16060.0,400,3,541.95,1,2,2,122,At Risk
16061.0,268,3,44.95,2,2,1,221,Others
16062.0,9,8,2863.45,4,3,4,434,Loyal Customers
16063.0,259,1,335.32,2,1,2,212,Others
16064.0,724,1,111.0,1,1,1,111,At Risk
16065.0,364,10,2365.62,2,4,4,244,Loyal Customers
16066.0,16,5,1521.87,4,3,3,433,Loyal Customers
16067.0,562,6,3026.19,1,3,4,134,Loyal Customers
16068.0,593,1,122.93,1,1,1,111,At Risk
16069.0,417,1,457.7,1,1,2,112,At Risk
16070.0,21,2,852.15,4,1,3,413,Recent Customers
16071.0,44,4,1076.8,3,2,3,323,Others
16072.0,287,4,4328.89,2,2,4,224,Others
16073.0,291,2,94.35,2,1,1,211,Others
16074.0,389,1,265.25,1,1,1,111,At Risk
16075.0,502,3,726.98,1,2,2,122,At Risk
16076.0,2,11,2173.53,4,4,3,443,Loyal Customers
16077.0,573,2,600.0,1,1,2,112,At Risk
16078.0,283,2,362.99,2,1,2,212,Others
16079.0,16,3,1352.0,4,2,3,423,Recent Customers
16080.0,81,6,472.9,3,3,2,332,Others
16081.0,55,8,4460.18,3,3,4,334,Loyal Customers
16082.0,669,1,106.75,1,1,1,111,At Risk
16083.0,100,4,2351.42,2,2,4,224,Others
16084.0,298,1,436.18,2,1,2,212,Others
16085.0,22,13,2337.73,4,4,4,444,Champions
16086.0,58,11,2862.91,3,4,4,344,Loyal Customers
16087.0,388,5,1739.92,1,3,3,133,Loyal Customers
16088.0,575,2,1437.43,1,1,3,113,At Risk
16089.0,385,2,271.44,1,1,1,111,At Risk
16090.0,623,1,205.91,1,1,1,111,At Risk
16091.0,154,2,315.06,2,1,1,211,Others
16092.0,98,10,1515.49,2,4,3,243,Loyal Customers
16093.0,106,1,17.0,2,1,1,211,Others
16094.0,11,19,3599.16,4,4,4,444,Champions
16095.0,455,1,447.05,1,1,2,112,At Risk
16096.0,263,4,1584.97,2,2,3,223,Others
16097.0,239,1,185.04999999999998,2,1,1,211,Others
16098.0,87,14,4448.1,3,4,4,344,Loyal Customers
16099.0,49,8,1568.25,3,3,3,333,Loyal Customers
16100.0,462,1,582.64,1,1,2,112,At Risk
16101.0,8,7,3167.42,4,3,4,434,Loyal Customers
16102.0,41,3,1842.14,3,2,3,323,Others
16103.0,6,27,6002.76,4,4,4,444,Champions
16104.0,61,11,2515.36,3,4,4,344,Loyal Customers
16105.0,248,5,2386.19,2,3,4,234,Loyal Customers
16106.0,65,1,108.38,3,1,1,311,Others
16107.0,17,7,3204.1600000000003,4,3,4,434,Loyal Customers
16108.0,84,8,2171.93,3,3,3,333,Loyal Customers
16109.0,218,4,923.58,2,2,3,223,Others
16110.0,44,4,1819.27,3,2,3,323,Others
16111.0,427,1,562.48,1,1,2,112,At Risk
16112.0,142,4,195.73999999999998,2,2,1,221,Others
16113.0,182,1,161.38,2,1,1,211,Others
16114.0,170,1,135.75000000000003,2,1,1,211,Others
16115.0,9,12,2575.14,4,4,4,444,Champions
16116.0,205,2,592.88,2,1,2,212,Others
16117.0,189,4,650.05,2,2,2,222,Others
16118.0,392,5,4255.43,1,3,4,134,Loyal Customers
16119.0,7,8,1720.81,4,3,3,433,Loyal Customers
16120.0,58,7,3041.91,3,3,4,334,Loyal Customers
16121.0,56,6,1457.19,3,3,3,333,Loyal Customers
16122.0,72,6,1001.34,3,3,3,333,Loyal Customers
16123.0,51,1,307.78,3,1,1,311,Others
16124.0,315,6,1709.39,2,3,3,233,Loyal Customers
16125.0,366,14,4587.65,2,4,4,244,Loyal Customers
16126.0,28,15,14646.800000000001,3,4,4,344,Loyal Customers
16127.0,38,2,801.31,3,1,2,312,Others
16128.0,17,14,3748.4,4,4,4,444,Champions
16129.0,406,3,1396.05,1,2,3,123,At Risk
16130.0,421,4,987.48,1,2,3,123,At Risk
16131.0,51,15,9866.27,3,4,4,344,Loyal Customers
16132.0,543,2,664.1999999999999,1,1,2,112,At Risk
16133.0,3,78,22228.88,4,4,4,444,Champions
16134.0,21,7,2119.99,4,3,3,433,Loyal Customers
16135.0,262,2,819.45,2,1,2,212,Others
16136.0,59,5,921.08,3,3,3,333,Loyal Customers
16137.0,679,1,422.7,1,1,2,112,At Risk
16138.0,367,4,894.45,2,2,3,223,Others
16139.0,18,5,1111.15,4,3,3,433,Loyal Customers
16140.0,52,5,1536.19,3,3,3,333,Loyal Customers
16141.0,87,2,955.94,3,1,3,313,Others
16142.0,249,1,535.34,2,1,2,212,Others
16143.0,2,16,4866.88,4,4,4,444,Champions
16144.0,246,1,175.2,2,1,1,211,Others
16145.0,8,29,6693.6,4,4,4,444,Champions
16146.0,156,4,946.38,2,2,3,223,Others
16147.0,133,7,2367.02,2,3,4,234,Loyal Customers
16148.0,295,4,370.37,2,2,2,222,Others
16149.0,4,3,422.22,4,2,2,422,Recent Customers
16150.0,38,20,4154.69,3,4,4,344,Loyal Customers
16151.0,598,1,-4217.59,1,1,1,111,At Risk
16152.0,268,1,1829.04,2,1,3,213,Others
16153.0,49,13,5037.51,3,4,4,344,Loyal Customers
16154.0,681,1,-10.5,1,1,1,111,At Risk
16155.0,381,6,781.05,1,3,2,132,At Risk
16156.0,8,26,5933.59,4,4,4,444,Champions
16157.0,15,4,644.24,4,2,2,422,Recent Customers
16158.0,521,10,611.32,1,4,2,142,At Risk
16159.0,281,5,1230.29,2,3,3,233,Loyal Customers
16160.0,63,4,1009.4499999999999,3,2,3,323,Others
16161.0,1,57,12448.960000000001,4,4,4,444,Champions
16162.0,251,1,37.4,2,1,1,211,Others
16163.0,224,14,2263.63,2,4,4,244,Loyal Customers
16164.0,16,4,802.53,4,2,2,422,Recent Customers
16165.0,504,1,79.9,1,1,1,111,At Risk
16166.0,427,4,327.48,1,2,2,122,At Risk
16167.0,413,6,1149.8700000000001,1,3,3,133,Loyal Customers
16168.0,10,73,10539.08,4,4,4,444,Champions
16169.0,7,4,1822.97,4,2,3,423,Recent Customers
16170.0,50,25,6813.67,3,4,4,344,Loyal Customers
16171.0,58,1,73.2,3,1,1,311,Others
16172.0,94,8,1884.55,3,3,3,333,Loyal Customers
16173.0,15,7,1406.57,4,3,3,433,Loyal Customers
16174.0,125,7,2246.75,2,3,4,234,Loyal Customers
16175.0,93,7,1836.44,3,3,3,333,Loyal Customers
16176.0,420,7,1964.04,1,3,3,133,Loyal Customers
16177.0,49,12,2141.61,3,4,3,343,Loyal Customers
16178.0,137,2,612.6,2,1,2,212,Others
16179.0,60,1,215.83,3,1,1,311,Others
16180.0,99,16,16170.27,2,4,4,244,Loyal Customers
16181.0,72,1,305.54,3,1,1,311,Others
16182.0,71,9,9971.65,3,4,4,344,Loyal Customers
16183.0,66,4,1077.81,3,2,3,323,Others
16184.0,63,7,1155.54,3,3,3,333,Loyal Customers
16185.0,16,3,644.72,4,2,2,422,Recent Customers
16186.0,22,30,8983.91,4,4,4,444,Champions
16187.0,31,17,6841.24,3,4,4,344,Loyal Customers
16188.0,44,6,1077.71,3,3,3,333,Loyal Customers
16189.0,15,2,215.48,4,1,1,411,Recent Customers
16190.0,39,8,2723.55,3,3,4,334,Loyal Customers
16191.0,2,40,15162.12,4,4,4,444,Champions
16192.0,735,1,351.3,1,1,2,112,At Risk
16193.0,236,2,630.43,2,1,2,212,Others
16194.0,374,1,308.59999999999997,2,1,1,211,Others
16195.0,722,1,323.25,1,1,1,111,At Risk
16196.0,488,1,93.3,1,1,1,111,At Risk
16197.0,468,9,2016.71,1,4,3,143,Loyal Customers
16198.0,74,2,1030.0410000000002,3,1,3,313,Others
16199.0,391,7,942.75,1,3,3,133,Loyal Customers
16200.0,3,13,5629.95,4,4,4,444,Champions
16201.0,2,6,2070.17,4,3,3,433,Loyal Customers
16202.0,360,11,2467.04,2,4,4,244,Loyal Customers
16203.0,58,7,1110.79,3,3,3,333,Loyal Customers
16204.0,22,4,939.24,4,2,3,423,Recent Customers
16205.0,30,7,1830.61,3,3,3,333,Loyal Customers
16206.0,54,14,2597.37,3,4,4,344,Loyal Customers
16207.0,24,1,394.38,4,1,2,412,Recent Customers
16208.0,44,10,3440.45,3,4,4,344,Loyal Customers
16209.0,88,9,4146.78,3,4,4,344,Loyal Customers
16210.0,1,37,38304.06,4,4,4,444,Champions
16211.0,80,4,1086.34,3,2,3,323,Others
16212.0,18,5,1284.56,4,3,3,433,Loyal Customers
16213.0,78,1,159.0,3,1,1,311,Others
16214.0,170,4,2038.25,2,2,3,223,Others
16215.0,80,1,242.35,3,1,1,311,Others
16216.0,266,1,914.9300000000001,2,1,3,213,Others
16217.0,234,4,259.39000000000004,2,2,1,221,Others
16218.0,29,19,4343.6,3,4,4,344,Loyal Customers
16219.0,500,1,40.8,1,1,1,111,At Risk
16220.0,727,1,-10.17,1,1,1,111,At Risk
16221.0,36,10,2229.0099999999998,3,4,4,344,Loyal Customers
16222.0,317,2,1345.22,2,1,3,213,Others
16223.0,374,2,1102.3500000000001,2,1,3,213,Others
16224.0,56,5,1616.54,3,3,3,333,Loyal Customers
16225.0,44,18,2821.9100000000003,3,4,4,344,Loyal Customers
16226.0,202,5,672.1700000000001,2,3,2,232,Others
16227.0,218,6,948.82,2,3,3,233,Loyal Customers
16228.0,373,4,886.1600000000001,2,2,3,223,Others
16229.0,86,7,2835.36,3,3,4,334,Loyal Customers
16230.0,189,2,542.03,2,1,2,212,Others
16231.0,378,4,1078.22,2,2,3,223,Others
16232.0,32,10,2692.02,3,4,4,344,Loyal Customers
16233.0,70,12,1818.71,3,4,3,343,Loyal Customers
16234.0,473,4,312.78,1,2,1,121,At Risk
16235.0,40,11,1990.6100000000001,3,4,3,343,Loyal Customers
16236.0,77,1,432.2,3,1,2,312,Others
16237.0,436,1,136.65,1,1,1,111,At Risk
16238.0,422,1,63.66,1,1,1,111,At Risk
16239.0,56,7,1450.9,3,3,3,333,Loyal Customers
16240.0,7,5,3693.81,4,3,4,434,Loyal Customers
16241.0,9,16,4329.31,4,4,4,444,Champions
16242.0,7,18,7433.3,4,4,4,444,Champions
16243.0,33,2,409.1,3,1,2,312,Others
16244.0,211,2,2579.38,2,1,4,214,Others
16245.0,23,5,1352.3600000000001,4,3,3,433,Loyal Customers
16246.0,459,2,827.25,1,1,2,112,At Risk
16247.0,169,1,114.56,2,1,1,211,Others
16248.0,61,1,152.94,3,1,1,311,Others
16249.0,52,5,1800.07,3,3,3,333,Loyal Customers
16250.0,260,3,791.38,2,2,2,222,Others
16251.0,511,1,128.31,1,1,1,111,At Risk
16252.0,365,2,-295.09,2,1,1,211,Others
16253.0,31,9,7276.91,3,4,4,344,Loyal Customers
16254.0,377,3,985.14,2,2,3,223,Others
16255.0,16,19,4834.39,4,4,4,444,Champions
16256.0,257,4,1609.57,2,2,3,223,Others
16257.0,176,1,46.95,2,1,1,211,Others
16258.0,44,16,11833.52,3,4,4,344,Loyal Customers
16259.0,409,3,361.94,1,2,2,122,At Risk
16260.0,50,1,1035.45,3,1,3,313,Others
16261.0,16,6,1059.45,4,3,3,433,Loyal Customers
16262.0,360,3,677.78,2,2,2,222,Others
16263.0,422,1,351.01,1,1,2,112,At Risk
16264.0,437,2,837.53,1,1,2,112,At Risk
16265.0,8,15,6893.62,4,4,4,444,Champions
16266.0,73,14,1757.95,3,4,3,343,Loyal Customers
16267.0,590,1,186.66,1,1,1,111,At Risk
16268.0,70,2,667.65,3,1,2,312,Others
16269.0,427,2,714.59,1,1,2,112,At Risk
16270.0,352,1,1141.24,2,1,3,213,Others
16271.0,2,11,3457.07,4,4,4,444,Champions
16272.0,116,1,411.7,2,1,2,212,Others
16273.0,647,2,336.03999999999996,1,1,2,112,At Risk
16274.0,372,1,715.9,2,1,2,212,Others
16275.0,196,3,2151.11,2,2,3,223,Others
16276.0,176,3,2629.3900000000003,2,2,4,224,Others
16277.0,733,1,188.69,1,1,1,111,At Risk
16278.0,22,7,1056.59,4,3,3,433,Loyal Customers
16279.0,20,10,5692.18,4,4,4,444,Champions
16280.0,724,1,238.05,1,1,1,111,At Risk
16281.0,71,4,3416.52,3,2,4,324,Others
16282.0,339,3,1307.58,2,2,3,223,Others
16283.0,5,12,4311.37,4,4,4,444,Champions
16284.0,30,3,1029.77,3,2,3,323,Others
16285.0,645,1,176.9,1,1,1,111,At Risk
16286.0,476,4,263.65,1,2,1,121,At Risk
16287.0,169,5,1006.98,2,3,3,233,Loyal Customers
16288.0,469,1,129.85,1,1,1,111,At Risk
16289.0,461,2,98.81,1,1,1,111,At Risk
16290.0,464,4,2069.3,1,2,3,123,At Risk
16291.0,681,1,117.72,1,1,1,111,At Risk
16292.0,116,9,1171.46,2,4,3,243,Loyal Customers
16293.0,8,19,4632.2,4,4,4,444,Champions
16294.0,476,1,126.05000000000001,1,1,1,111,At Risk
16295.0,9,4,1328.55,4,2,3,423,Recent Customers
16296.0,625,6,1245.97,1,3,3,133,Loyal Customers
16297.0,212,4,275.4,2,2,1,221,Others
16298.0,22,9,1080.0,4,4,3,443,Loyal Customers
16299.0,472,2,178.65,1,1,1,111,At Risk
16300.0,429,3,1392.43,1,2,3,123,At Risk
16301.0,736,1,107.33,1,1,1,111,At Risk
16302.0,107,2,212.82,2,1,1,211,Others
16303.0,25,9,7823.72,3,4,4,344,Loyal Customers
16304.0,694,1,381.66,1,1,2,112,At Risk
16305.0,138,1,361.21999999999997,2,1,2,212,Others
16306.0,213,10,1162.82,2,4,3,243,Loyal Customers
16307.0,428,3,1194.92,1,2,3,123,At Risk
16308.0,37,7,5120.0,3,3,4,334,Loyal Customers
16309.0,91,3,686.67,3,2,2,322,Others
16310.0,413,2,460.08,1,1,2,112,At Risk
16311.0,17,2,616.26,4,1,2,412,Recent Customers
16312.0,431,1,171.15,1,1,1,111,At Risk
16313.0,2,2,274.15000000000003,4,1,1,411,Recent Customers
16314.0,389,3,1491.4,1,2,3,123,At Risk
16315.0,330,2,402.71,2,1,2,212,Others
16316.0,63,19,5533.31,3,4,4,344,Loyal Customers
16317.0,119,6,2179.76,2,3,3,233,Loyal Customers
16318.0,34,1,328.15,3,1,2,312,Others
16319.0,217,1,404.40000000000003,2,1,2,212,Others
16320.0,171,8,4428.849999999999,2,3,4,234,Loyal Customers
16321.0,71,10,265.5,3,4,1,341,Others
16322.0,0,2,326.75,4,1,2,412,Recent Customers
16323.0,195,2,353.66,2,1,2,212,Others
16324.0,127,3,428.68,2,2,2,222,Others
16325.0,43,17,3463.84,3,4,4,344,Loyal Customers
16326.0,5,26,4706.99,4,4,4,444,Champions
16327.0,13,20,10705.52,4,4,4,444,Champions
16328.0,562,1,310.83,1,1,1,111,At Risk
16329.0,427,4,1703.07,1,2,3,123,At Risk
16330.0,17,8,624.63,4,3,2,432,Recent Customers
16331.0,431,6,2037.7,1,3,3,133,Loyal Customers
16332.0,27,13,1989.97,3,4,3,343,Loyal Customers
16333.0,7,22,26626.8,4,4,4,444,Champions
16334.0,491,1,277.48,1,1,1,111,At Risk
16335.0,551,8,2747.0,1,3,4,134,Loyal Customers
16336.0,420,4,3517.69,1,2,4,124,At Risk
16337.0,36,1,151.05,3,1,1,311,Others
16338.0,156,1,214.79999999999998,2,1,1,211,Others
16339.0,283,1,109.95,2,1,1,211,Others
16340.0,106,3,1526.06,2,2,3,223,Others
16341.0,24,10,3832.29,4,4,4,444,Champions
16342.0,74,4,322.41,3,2,1,321,Others
16343.0,15,3,687.0699999999999,4,2,2,422,Recent Customers
16344.0,157,4,842.42,2,2,2,222,Others
16345.0,43,2,1198.74,3,1,3,313,Others
16346.0,384,1,224.51,1,1,1,111,At Risk
16347.0,10,13,3482.01,4,4,4,444,Champions
16348.0,31,8,1798.22,3,3,3,333,Loyal Customers
16349.0,290,1,53.5,2,1,1,211,Others
16350.0,20,12,2206.49,4,4,4,444,Champions
16351.0,332,18,3279.13,2,4,4,244,Loyal Customers
16352.0,17,2,494.44,4,1,2,412,Recent Customers
16353.0,3,41,9985.93,4,4,4,444,Champions
16354.0,62,5,1129.51,3,3,3,333,Loyal Customers
16355.0,373,2,349.2,2,1,2,212,Others
16356.0,197,7,414.42,2,3,2,232,Others
16357.0,32,4,868.37,3,2,3,323,Others
16358.0,0,6,2917.1,4,3,4,434,Loyal Customers
16359.0,6,20,2379.4,4,4,4,444,Champions
16360.0,4,8,3411.69,4,3,4,434,Loyal Customers
16361.0,9,4,896.66,4,2,3,423,Recent Customers
16362.0,31,11,841.74,3,4,2,342,Others
16363.0,52,1,109.36000000000001,3,1,1,311,Others
16364.0,11,2,707.04,4,1,2,412,Recent Customers
16365.0,17,16,3296.7999999999997,4,4,4,444,Champions
16366.0,18,4,1548.1299999999999,4,2,3,423,Recent Customers
16367.0,36,3,1362.4,3,2,3,323,Others
16368.0,1,3,640.21,4,2,2,422,Recent Customers
16369.0,17,7,2664.81,4,3,4,434,Loyal Customers
16370.0,81,4,1320.56,3,2,3,323,Others
16371.0,448,1,157.2,1,1,1,111,At Risk
16372.0,32,6,1298.61,3,3,3,333,Loyal Customers
16373.0,381,2,309.49,1,1,1,111,At Risk
16374.0,65,5,1771.45,3,3,3,333,Loyal Customers
16375.0,469,2,104.0,1,1,1,111,At Risk
16376.0,8,3,977.52,4,2,3,423,Recent Customers
16377.0,266,2,1308.48,2,1,3,213,Others
16378.0,246,3,362.95,2,2,2,222,Others
16379.0,3,5,2131.9,4,3,3,433,Loyal Customers
16380.0,60,1,1780.59,3,1,3,313,Others
16381.0,395,2,258.7,1,1,1,111,At Risk
16382.0,407,2,353.1,1,1,2,112,At Risk
16383.0,74,9,2910.84,3,4,4,344,Loyal Customers
16384.0,89,4,1358.95,3,2,3,323,Others
16385.0,59,5,1030.61,3,3,3,333,Loyal Customers
16386.0,28,3,1102.59,3,2,3,323,Others
16387.0,322,5,918.55,2,3,3,233,Loyal Customers
16388.0,653,1,186.05,1,1,1,111,At Risk
16389.0,52,5,1362.27,3,3,3,333,Loyal Customers
16390.0,536,3,467.5,1,2,2,122,At Risk
16391.0,400,4,1103.61,1,2,3,123,At Risk
16392.0,269,3,763.05,2,2,2,222,Others
16393.0,1,30,5456.5,4,4,4,444,Champions
16394.0,49,9,1412.06,3,4,3,343,Loyal Customers
16395.0,60,17,3458.95,3,4,4,344,Loyal Customers
16396.0,472,3,102.69999999999999,1,2,1,121,At Risk
16397.0,627,1,127.88,1,1,1,111,At Risk
16398.0,144,4,1631.15,2,2,3,223,Others
16399.0,18,3,641.82,4,2,2,422,Recent Customers
16400.0,94,9,3159.44,3,4,4,344,Loyal Customers
16401.0,0,39,6628.99,4,4,4,444,Champions
16402.0,264,2,511.4,2,1,2,212,Others
16403.0,301,2,161.04999999999998,2,1,1,211,Others
16404.0,69,2,430.3,3,1,2,312,Others
16405.0,301,2,167.25,2,1,1,211,Others
16406.0,18,4,533.98,4,2,2,422,Recent Customers
16407.0,12,14,2821.65,4,4,4,444,Champions
16408.0,590,1,231.93,1,1,1,111,At Risk
16409.0,35,12,5709.04,3,4,4,344,Loyal Customers
16410.0,733,1,130.32,1,1,1,111,At Risk
16411.0,18,4,910.1899999999999,4,2,3,423,Recent Customers
16412.0,53,5,647.23,3,3,2,332,Others
16413.0,56,2,528.98,3,1,2,312,Others
16414.0,21,5,559.71,4,3,2,432,Recent Customers
16415.0,43,3,719.44,3,2,2,322,Others
16416.0,26,10,2948.47,3,4,4,344,Loyal Customers
16417.0,492,1,35.7,1,1,1,111,At Risk
16418.0,44,5,1101.94,3,3,3,333,Loyal Customers
16419.0,112,9,1474.67,2,4,3,243,Loyal Customers
16420.0,395,1,75.0,1,1,1,111,At Risk
16421.0,375,3,526.27,2,2,2,222,Others
16422.0,16,146,61110.54,4,4,4,444,Champions
16423.0,24,1,346.12,4,1,2,412,Recent Customers
16424.0,190,3,392.06,2,2,2,222,Others
16425.0,301,1,302.7,2,1,1,211,Others
16426.0,1,10,1908.25,4,4,3,443,Loyal Customers
16427.0,262,2,241.06,2,1,1,211,Others
16428.0,80,4,657.33,3,2,2,322,Others
16429.0,105,1,284.55,2,1,1,211,Others
16430.0,56,7,1117.94,3,3,3,333,Loyal Customers
16431.0,212,3,642.81,2,2,2,222,Others
16432.0,63,1,287.4,3,1,1,311,Others
16433.0,27,2,384.52,3,1,2,312,Others
16434.0,28,13,2727.04,3,4,4,344,Loyal Customers
16435.0,511,3,1011.5699999999999,1,2,3,123,At Risk
16436.0,667,4,242.04,1,2,1,121,At Risk
16437.0,380,2,301.25,2,1,1,211,Others
16438.0,5,5,798.35,4,3,2,432,Recent Customers
16439.0,721,1,310.70000000000005,1,1,1,111,At Risk
16440.0,7,6,3856.9700000000003,4,3,4,434,Loyal Customers
16441.0,66,6,1023.48,3,3,3,333,Loyal Customers
16442.0,1,5,899.47,4,3,3,433,Loyal Customers
16443.0,520,1,162.24,1,1,1,111,At Risk
16444.0,45,20,3582.38,3,4,4,344,Loyal Customers
16445.0,33,4,602.73,3,2,2,322,Others
16446.0,0,4,-6.100000000005821,4,2,1,421,Recent Customers
16447.0,135,3,775.14,2,2,2,222,Others
16448.0,197,2,367.87,2,1,2,212,Others
16449.0,190,3,674.69,2,2,2,222,Others
16450.0,149,4,1475.73,2,2,3,223,Others
16451.0,87,4,1009.4,3,2,3,323,Others
16452.0,630,2,332.17,1,1,2,112,At Risk
16453.0,530,2,251.71,1,1,1,111,At Risk
16454.0,44,8,1.9000000000000004,3,3,1,331,Others
16455.0,63,13,4306.72,3,4,4,344,Loyal Customers
16456.0,98,14,6185.41,2,4,4,244,Loyal Customers
16457.0,217,1,208.36,2,1,1,211,Others
16458.0,2,30,5715.34,4,4,4,444,Champions
16459.0,729,1,71.78999999999999,1,1,1,111,At Risk
16460.0,27,3,814.72,3,2,2,322,Others
16461.0,177,3,1615.22,2,2,3,223,Others
16462.0,63,4,102.0,3,2,1,321,Others
16463.0,20,7,1383.7,4,3,3,433,Loyal Customers
16464.0,19,3,1314.68,4,2,3,423,Recent Customers
16465.0,413,3,726.34,1,2,2,122,At Risk
16466.0,33,16,3713.59,3,4,4,344,Loyal Customers
16467.0,508,8,2862.4,1,3,4,134,Loyal Customers
16468.0,73,3,787.52,3,2,2,322,Others
16469.0,23,5,828.91,4,3,2,432,Recent Customers
16470.0,51,12,2453.65,3,4,4,344,Loyal Customers
16471.0,274,6,1186.18,2,3,3,233,Loyal Customers
16472.0,433,2,789.6,1,1,2,112,At Risk
16473.0,164,5,469.58,2,3,2,232,Others
16474.0,6,11,1811.47,4,4,3,443,Loyal Customers
16475.0,87,4,544.3,3,2,2,322,Others
16476.0,416,3,337.0,1,2,2,122,At Risk
16477.0,63,11,4320.02,3,4,4,344,Loyal Customers
16478.0,24,3,331.0,4,2,2,422,Recent Customers
16479.0,9,2,300.83,4,1,1,411,Recent Customers
16480.0,75,1,769.29,3,1,2,312,Others
16481.0,659,3,428.23,1,2,2,122,At Risk
16482.0,15,1,220.62,4,1,1,411,Recent Customers
16483.0,191,1,139.35,2,1,1,211,Others
16484.0,173,3,379.4,2,2,2,222,Others
16485.0,76,7,2137.68,3,3,3,333,Loyal Customers
16486.0,537,1,134.36,1,1,1,111,At Risk
16487.0,576,2,209.4,1,1,1,111,At Risk
16488.0,32,4,492.2,3,2,2,322,Others
16489.0,379,2,303.7,2,1,1,211,Others
16490.0,429,2,179.16000000000003,1,1,1,111,At Risk
16491.0,46,3,1524.31,3,2,3,323,Others
16492.0,540,1,385.56,1,1,2,112,At Risk
16493.0,72,9,2110.12,3,4,3,343,Loyal Customers
16494.0,296,1,826.53,2,1,2,212,Others
16495.0,2,3,684.41,4,2,2,422,Recent Customers
16496.0,8,7,2293.47,4,3,4,434,Loyal Customers
16497.0,49,23,6695.28,3,4,4,344,Loyal Customers
16498.0,160,3,86.12,2,2,1,221,Others
16499.0,359,13,2491.7400000000002,2,4,4,244,Loyal Customers
16500.0,4,10,835.96,4,4,2,442,Recent Customers
16501.0,382,1,1237.23,1,1,3,113,At Risk
16502.0,619,2,266.5,1,1,1,111,At Risk
16503.0,106,13,3597.89,2,4,4,244,Loyal Customers
16504.0,24,1,484.38,4,1,2,412,Recent Customers
16505.0,31,1,777.6,3,1,2,312,Others
16506.0,19,2,90.30000000000001,4,1,1,411,Recent Customers
16507.0,571,1,152.76,1,1,1,111,At Risk
16508.0,629,1,248.8,1,1,1,111,At Risk
16509.0,296,1,363.7,2,1,2,212,Others
16510.0,371,6,2100.0,2,3,3,233,Loyal Customers
16511.0,21,6,1819.02,4,3,3,433,Loyal Customers
16512.0,727,1,-33.9,1,1,1,111,At Risk
16513.0,4,4,874.59,4,2,3,423,Recent Customers
16514.0,629,1,-134.86,1,1,1,111,At Risk
16515.0,51,10,3216.3,3,4,4,344,Loyal Customers
16516.0,29,1,101.69999999999999,3,1,1,311,Others
16517.0,276,1,162.7,2,1,1,211,Others
16518.0,60,6,938.27,3,3,3,333,Loyal Customers
16519.0,24,4,556.26,4,2,2,422,Recent Customers
16520.0,185,8,2465.92,2,3,4,234,Loyal Customers
16521.0,414,3,1148.01,1,2,3,123,At Risk
16522.0,435,2,433.36,1,1,2,112,At Risk
16523.0,1,39,11760.54,4,4,4,444,Champions
16524.0,445,2,308.14,1,1,1,111,At Risk
16525.0,1,54,23350.74,4,4,4,444,Champions
16526.0,171,2,717.21,2,1,2,212,Others
16527.0,80,2,1272.44,3,1,3,313,Others
16528.0,3,1,244.41,4,1,1,411,Recent Customers
16529.0,189,4,2012.0,2,2,3,223,Others
16530.0,667,1,48.349999999999994,1,1,1,111,At Risk
16531.0,21,12,2263.58,4,4,4,444,Champions
16532.0,17,5,8756.64,4,3,4,434,Loyal Customers
16533.0,18,5,1026.94,4,3,3,433,Loyal Customers
16534.0,641,1,635.9,1,1,2,112,At Risk
16535.0,4,3,1001.59,4,2,3,423,Recent Customers
16536.0,106,2,539.02,2,1,2,212,Others
16537.0,640,1,23.35,1,1,1,111,At Risk
16538.0,540,3,399.62,1,2,2,122,At Risk
16539.0,2,10,3732.01,4,4,4,444,Champions
16540.0,413,1,226.70000000000002,1,1,1,111,At Risk
16541.0,734,2,419.78,1,1,2,112,At Risk
16542.0,53,2,257.32,3,1,1,311,Others
16543.0,582,2,277.80999999999995,1,1,1,111,At Risk
16544.0,519,6,110.3,1,3,1,131,At Risk
16545.0,164,2,689.82,2,1,2,212,Others
16546.0,290,7,3837.36,2,3,4,234,Loyal Customers
16547.0,545,1,111.71,1,1,1,111,At Risk
16548.0,598,1,30.15,1,1,1,111,At Risk
16549.0,9,37,13159.64,4,4,4,444,Champions
16550.0,108,29,9169.32,2,4,4,244,Loyal Customers
16551.0,95,7,2237.12,3,3,4,334,Loyal Customers
16552.0,242,2,475.02000000000004,2,1,2,212,Others
16553.0,162,36,16555.87,2,4,4,244,Loyal Customers
16554.0,2,18,2407.17,4,4,4,444,Champions
16555.0,34,10,285.89,3,4,1,341,Others
16556.0,66,24,7610.2300000000005,3,4,4,344,Loyal Customers
16557.0,23,2,281.85,4,1,1,411,Recent Customers
16558.0,0,47,13718.960000000001,4,4,4,444,Champions
16559.0,396,1,185.20000000000002,1,1,1,111,At Risk
16560.0,20,10,3010.73,4,4,4,444,Champions
16561.0,5,2,511.12,4,1,2,412,Recent Customers
16562.0,476,1,223.85999999999999,1,1,1,111,At Risk
16563.0,53,7,4412.56,3,3,4,334,Loyal Customers
16564.0,568,1,87.8,1,1,1,111,At Risk
16565.0,363,5,700.45,2,3,2,232,Others
16566.0,14,6,614.01,4,3,2,432,Recent Customers
16567.0,193,2,865.6,2,1,3,213,Others
16568.0,427,2,1020.9000000000001,1,1,3,113,At Risk
16569.0,2,5,1455.23,4,3,3,433,Loyal Customers
16570.0,8,31,6841.82,4,4,4,444,Champions
16571.0,2,17,4025.05,4,4,4,444,Champions
16572.0,126,4,999.7,2,2,3,223,Others
16573.0,73,4,648.41,3,2,2,322,Others
16574.0,70,3,1301.78,3,2,3,323,Others
16575.0,681,1,-10.49,1,1,1,111,At Risk
16576.0,409,5,513.1700000000001,1,3,2,132,At Risk
16577.0,666,1,380.0,1,1,2,112,At Risk
16578.0,625,1,156.6,1,1,1,111,At Risk
16579.0,364,2,233.85,2,1,1,211,Others
16580.0,728,1,-5.0,1,1,1,111,At Risk
16581.0,154,2,70.44,2,1,1,211,Others
16582.0,112,1,313.62,2,1,1,211,Others
16583.0,373,2,531.4,2,1,2,212,Others
16584.0,79,7,3085.4700000000003,3,3,4,334,Loyal Customers
16585.0,593,2,341.59,1,1,2,112,At Risk
16586.0,248,3,1462.78,2,2,3,223,Others
16587.0,231,1,225.15,2,1,1,211,Others
16588.0,385,4,1361.28,1,2,3,123,At Risk
16589.0,70,4,612.36,3,2,2,322,Others
16590.0,380,3,563.6,2,2,2,222,Others
16591.0,68,1,213.5,3,1,1,311,Others
16592.0,3,34,7624.46,4,4,4,444,Champions
16593.0,50,9,1051.24,3,4,3,343,Loyal Customers
16594.0,74,1,181.09,3,1,1,311,Others
16595.0,60,5,1810.18,3,3,3,333,Loyal Customers
16596.0,15,4,579.63,4,2,2,422,Recent Customers
16597.0,3,1,90.04,4,1,1,411,Recent Customers
16598.0,276,2,140.7,2,1,1,211,Others
16599.0,385,1,172.8,1,1,1,111,At Risk
16600.0,3,16,2093.56,4,4,3,443,Loyal Customers
16601.0,40,3,684.25,3,2,2,322,Others
16602.0,30,5,711.63,3,3,2,332,Others
16603.0,74,2,482.47,3,1,2,312,Others
16604.0,547,3,326.25,1,2,2,122,At Risk
16605.0,723,1,60.48,1,1,1,111,At Risk
16606.0,403,2,357.66,1,1,2,112,At Risk
16607.0,17,29,5375.18,4,4,4,444,Champions
16608.0,453,2,1288.72,1,1,3,113,At Risk
16609.0,14,9,5450.96,4,4,4,444,Champions
16610.0,218,1,75.66,2,1,1,211,Others
16611.0,185,7,1776.63,2,3,3,233,Loyal Customers
16612.0,32,10,3243.48,3,4,4,344,Loyal Customers
16613.0,69,1,618.59,3,1,2,312,Others
16614.0,182,3,1179.79,2,2,3,223,Others
16615.0,568,2,264.5,1,1,1,111,At Risk
16616.0,14,2,500.42,4,1,2,412,Recent Customers
16617.0,235,1,151.85,2,1,1,211,Others
16618.0,30,6,2630.64,3,3,4,334,Loyal Customers
16619.0,253,5,1916.53,2,3,3,233,Loyal Customers
16620.0,3,6,1758.93,4,3,3,433,Loyal Customers
16621.0,51,4,813.48,3,2,2,322,Others
16622.0,541,2,205.6,1,1,1,111,At Risk
16623.0,245,5,1002.49,2,3,3,233,Loyal Customers
16624.0,80,2,810.5699999999999,3,1,2,312,Others
16625.0,274,6,1651.08,2,3,3,233,Loyal Customers
16626.0,0,20,4379.65,4,4,4,444,Champions
16627.0,78,1,322.8,3,1,1,311,Others
16628.0,29,8,2313.09,3,3,4,334,Loyal Customers
16629.0,73,2,417.73,3,1,2,312,Others
16630.0,406,2,104.30000000000001,1,1,1,111,At Risk
16631.0,481,8,1867.02,1,3,3,133,Loyal Customers
16632.0,485,2,406.4,1,1,2,112,At Risk
16633.0,16,7,2878.15,4,3,4,434,Loyal Customers
16634.0,222,10,1363.1,2,4,3,243,Loyal Customers
16635.0,406,1,473.0,1,1,2,112,At Risk
16636.0,437,4,3802.04,1,2,4,124,At Risk
16637.0,31,5,1124.59,3,3,3,333,Loyal Customers
16638.0,22,16,2426.28,4,4,4,444,Champions
16639.0,24,5,1659.85,4,3,3,433,Loyal Customers
16640.0,397,1,179.4,1,1,1,111,At Risk
16641.0,105,2,554.5,2,1,2,212,Others
16642.0,4,5,1051.46,4,3,3,433,Loyal Customers
16643.0,245,3,915.5600000000001,2,2,3,223,Others
16644.0,177,2,833.78,2,1,2,212,Others
16645.0,735,1,160.39,1,1,1,111,At Risk
16646.0,443,2,675.05,1,1,2,112,At Risk
16647.0,169,4,541.9,2,2,2,222,Others
16648.0,38,4,653.0,3,2,2,322,Others
16649.0,519,1,306.58000000000004,1,1,1,111,At Risk
16650.0,71,7,1916.11,3,3,3,333,Loyal Customers
16651.0,586,1,136.2,1,1,1,111,At Risk
16652.0,53,24,17312.83,3,4,4,344,Loyal Customers
16653.0,15,3,1166.92,4,2,3,423,Recent Customers
16654.0,140,9,1705.17,2,4,3,243,Loyal Customers
16655.0,17,14,6513.27,4,4,4,444,Champions
16656.0,21,44,16307.72,4,4,4,444,Champions
16657.0,9,4,933.62,4,2,3,423,Recent Customers
16658.0,367,9,696.72,2,4,2,242,Others
16659.0,188,1,39.12,2,1,1,211,Others
16660.0,15,8,1422.35,4,3,3,433,Loyal Customers
16661.0,539,5,842.1800000000001,1,3,2,132,At Risk
16662.0,393,1,163.8,1,1,1,111,At Risk
16663.0,728,1,165.0,1,1,1,111,At Risk
16664.0,568,1,109.2,1,1,1,111,At Risk
16665.0,361,1,135.39999999999998,2,1,1,211,Others
16666.0,18,2,225.94,4,1,1,411,Recent Customers
16667.0,67,2,570.13,3,1,2,312,Others
16668.0,14,13,862.42,4,4,3,443,Loyal Customers
16669.0,23,5,226.14000000000001,4,3,1,431,Recent Customers
16670.0,16,33,7786.66,4,4,4,444,Champions
16671.0,27,3,1692.27,3,2,3,323,Others
16672.0,1,23,8093.59,4,4,4,444,Champions
16673.0,678,1,188.83,1,1,1,111,At Risk
16674.0,54,2,319.61,3,1,1,311,Others
16675.0,441,2,608.86,1,1,2,112,At Risk
16676.0,33,7,2328.5,3,3,4,334,Loyal Customers
16677.0,392,3,849.77,1,2,3,123,At Risk
16678.0,2,17,3013.83,4,4,4,444,Champions
16679.0,365,3,793.06,2,2,2,222,Others
16680.0,42,3,821.45,3,2,2,322,Others
16681.0,72,7,1921.84,3,3,3,333,Loyal Customers
16682.0,4,5,1028.0,4,3,3,433,Loyal Customers
16683.0,528,2,309.35,1,1,1,111,At Risk
16684.0,3,65,141502.25,4,4,4,444,Champions
16685.0,60,2,324.24,3,1,1,311,Others
16686.0,46,18,5051.57,3,4,4,344,Loyal Customers
16687.0,390,1,157.63,1,1,1,111,At Risk
16688.0,0,4,1260.86,4,2,3,423,Recent Customers
16689.0,75,3,303.26,3,2,1,321,Others
16690.0,43,5,336.08,3,3,2,332,Others
16691.0,417,2,178.83,1,1,1,111,At Risk
16692.0,255,4,1914.6999999999998,2,2,3,223,Others
16693.0,68,5,1199.46,3,3,3,333,Loyal Customers
16694.0,722,1,98.30000000000001,1,1,1,111,At Risk
16695.0,561,2,193.15,1,1,1,111,At Risk
16696.0,134,4,657.9000000000001,2,2,2,222,Others
16697.0,240,1,112.75,2,1,1,211,Others
16698.0,226,2,1998.0,2,1,3,213,Others
16699.0,379,8,964.9,2,3,3,233,Loyal Customers
16700.0,8,31,9084.06,4,4,4,444,Champions
16701.0,8,34,9614.59,4,4,4,444,Champions
16702.0,414,5,1100.8799999999999,1,3,3,133,Loyal Customers
16703.0,730,1,-15.0,1,1,1,111,At Risk
16704.0,617,2,695.66,1,1,2,112,At Risk
16705.0,0,61,42653.141,4,4,4,444,Champions
16706.0,36,3,531.35,3,2,2,322,Others
16707.0,399,4,551.11,1,2,2,122,At Risk
16708.0,45,1,656.63,3,1,2,312,Others
16709.0,84,14,9087.460000000001,3,4,4,344,Loyal Customers
16710.0,18,23,6336.34,4,4,4,444,Champions
16711.0,2,10,2751.48,4,4,4,444,Champions
16712.0,8,13,4266.99,4,4,4,444,Champions
16713.0,18,41,14380.54,4,4,4,444,Champions
16714.0,218,7,1254.71,2,3,3,233,Loyal Customers
16715.0,77,2,625.52,3,1,2,312,Others
16716.0,266,4,1568.2800000000002,2,2,3,223,Others
16717.0,8,20,6309.96,4,4,4,444,Champions
16718.0,368,5,3647.53,2,3,4,234,Loyal Customers
16719.0,14,17,3828.55,4,4,4,444,Champions
16720.0,25,4,593.43,3,2,2,322,Others
16721.0,261,1,292.47,2,1,1,211,Others
16722.0,16,26,8967.83,4,4,4,444,Champions
16723.0,90,4,1301.63,3,2,3,323,Others
16724.0,404,1,147.35,1,1,1,111,At Risk
16725.0,301,16,1870.71,2,4,3,243,Loyal Customers
16726.0,25,7,2088.41,3,3,3,333,Loyal Customers
16727.0,363,4,1437.42,2,2,3,223,Others
16728.0,45,4,1054.67,3,2,3,323,Others
16729.0,35,26,7076.28,3,4,4,344,Loyal Customers
16730.0,51,4,702.79,3,2,2,322,Others
16731.0,647,1,174.05,1,1,1,111,At Risk
16732.0,31,9,3966.79,3,4,4,344,Loyal Customers
16733.0,529,1,259.68,1,1,1,111,At Risk
16734.0,51,3,650.51,3,2,2,322,Others
16735.0,78,22,5632.01,3,4,4,344,Loyal Customers
16736.0,505,8,2904.51,1,3,4,134,Loyal Customers
16737.0,52,2,835.1999999999999,3,1,2,312,Others
16738.0,297,1,3.75,2,1,1,211,Others
16739.0,171,4,772.23,2,2,2,222,Others
16740.0,394,1,236.81,1,1,1,111,At Risk
16741.0,624,1,173.06,1,1,1,111,At Risk
16742.0,46,15,2387.71,3,4,4,344,Loyal Customers
16743.0,28,15,4207.01,3,4,4,344,Loyal Customers
16744.0,10,7,1304.76,4,3,3,433,Loyal Customers
16745.0,86,18,7170.7,3,4,4,344,Loyal Customers
16746.0,4,46,18031.85,4,4,4,444,Champions
16747.0,24,4,826.96,4,2,2,422,Recent Customers
16748.0,17,15,3632.29,4,4,4,444,Champions
16749.0,590,2,4387.08,1,1,4,114,At Risk
16750.0,44,5,623.93,3,3,2,332,Others
16751.0,30,1,1764.72,3,1,3,313,Others
16752.0,372,1,415.0,2,1,2,212,Others
16753.0,57,1,223.92000000000002,3,1,1,311,Others
16754.0,371,35,56560.58,2,4,4,244,Loyal Customers
16755.0,113,10,2882.03,2,4,4,244,Loyal Customers
16756.0,214,9,1287.42,2,4,3,243,Loyal Customers
16757.0,318,2,270.48,2,1,1,211,Others
16758.0,64,1,369.34000000000003,3,1,2,312,Others
16759.0,7,4,772.84,4,2,2,422,Recent Customers
16760.0,429,1,228.0,1,1,1,111,At Risk
16761.0,96,1,316.62,2,1,1,211,Others
16762.0,19,3,1501.38,4,2,3,423,Recent Customers
16763.0,184,3,947.75,2,2,3,223,Others
16764.0,3,18,2758.25,4,4,4,444,Champions
16765.0,293,2,454.75,2,1,2,212,Others
16766.0,272,2,1145.6,2,1,3,213,Others
16767.0,30,16,7971.8,3,4,4,344,Loyal Customers
16768.0,47,14,1647.07,3,4,3,343,Loyal Customers
16769.0,259,4,1141.75,2,2,3,223,Others
16770.0,57,11,1900.03,3,4,3,343,Loyal Customers
16771.0,32,10,3967.6,3,4,4,344,Loyal Customers
16772.0,416,5,2785.6,1,3,4,134,Loyal Customers
16773.0,56,3,421.24,3,2,2,322,Others
16774.0,67,9,1587.85,3,4,3,343,Loyal Customers
16775.0,9,17,2975.29,4,4,4,444,Champions
16776.0,59,2,619.85,3,1,2,312,Others
16777.0,79,6,1277.01,3,3,3,333,Loyal Customers
16778.0,73,2,245.94,3,1,1,311,Others
16779.0,1,62,32981.61,4,4,4,444,Champions
16780.0,99,3,605.55,2,2,2,222,Others
16781.0,364,3,901.05,2,2,3,223,Others
16782.0,9,50,10348.960000000001,4,4,4,444,Champions
16783.0,436,1,391.95,1,1,2,112,At Risk
16784.0,19,5,896.53,4,3,3,433,Loyal Customers
16785.0,409,1,533.78,1,1,2,112,At Risk
16786.0,393,1,51.839999999999996,1,1,1,111,At Risk
16787.0,397,4,1035.43,1,2,3,123,At Risk
16788.0,122,5,1950.3,2,3,3,233,Loyal Customers
16789.0,7,1,80.8,4,1,1,411,Recent Customers
16790.0,3,8,1520.1200000000001,4,3,3,433,Loyal Customers
16791.0,28,18,3946.12,3,4,4,344,Loyal Customers
16792.0,281,5,623.46,2,3,2,232,Others
16793.0,56,1,243.84,3,1,1,311,Others
16794.0,0,17,2069.71,4,4,3,443,Loyal Customers
16795.0,364,5,2465.19,2,3,4,234,Loyal Customers
16796.0,88,1,305.62,3,1,1,311,Others
16797.0,392,9,1786.77,1,4,3,143,Loyal Customers
16798.0,553,4,837.56,1,2,2,122,At Risk
16799.0,431,3,491.03000000000003,1,2,2,122,At Risk
16800.0,10,1,1201.49,4,1,3,413,Recent Customers
16801.0,162,5,867.83,2,3,3,233,Loyal Customers
16802.0,678,2,582.61,1,1,2,112,At Risk
16803.0,64,1,332.3,3,1,2,312,Others
16804.0,22,3,536.99,4,2,2,422,Recent Customers
16805.0,173,5,1097.24,2,3,3,233,Loyal Customers
16806.0,102,4,801.49,2,2,2,222,Others
16807.0,142,8,2064.88,2,3,3,233,Loyal Customers
16808.0,98,2,288.42,2,1,1,211,Others
16809.0,22,10,1725.48,4,4,3,443,Loyal Customers
16810.0,191,4,786.14,2,2,2,222,Others
16811.0,4,2,547.07,4,1,2,412,Recent Customers
16812.0,360,5,2216.8,2,3,4,234,Loyal Customers
16813.0,7,10,1692.98,4,4,3,443,Loyal Customers
16814.0,13,37,12491.210000000001,4,4,4,444,Champions
16815.0,453,2,410.97,1,1,2,112,At Risk
16816.0,102,4,417.06,2,2,2,222,Others
16817.0,2,18,2594.55,4,4,4,444,Champions
16818.0,10,13,3317.97,4,4,4,444,Champions
16819.0,464,2,182.59,1,1,1,111,At Risk
16820.0,95,1,497.61,3,1,2,312,Others
16821.0,381,1,113.35,1,1,1,111,At Risk
16822.0,663,3,144.84,1,2,1,121,At Risk
16823.0,226,8,2253.14,2,3,4,234,Loyal Customers
16824.0,15,3,686.24,4,2,2,422,Recent Customers
16825.0,38,5,1826.89,3,3,3,333,Loyal Customers
16826.0,50,1,341.7,3,1,2,312,Others
16827.0,392,5,392.13,1,3,2,132,At Risk
16828.0,92,2,128.5,3,1,1,311,Others
16829.0,156,2,513.32,2,1,2,212,Others
16830.0,38,5,1183.7,3,3,3,333,Loyal Customers
16831.0,564,1,91.8,1,1,1,111,At Risk
16832.0,183,5,417.61,2,3,2,232,Others
16833.0,0,6,2409.04,4,3,4,434,Loyal Customers
16834.0,227,2,898.96,2,1,3,213,Others
16835.0,127,10,1471.51,2,4,3,243,Loyal Customers
16836.0,39,4,782.37,3,2,2,322,Others
16837.0,30,12,3167.73,3,4,4,344,Loyal Customers
16838.0,196,6,1126.66,2,3,3,233,Loyal Customers
16839.0,8,51,20968.27,4,4,4,444,Champions
16840.0,602,3,126.71000000000001,1,2,1,121,At Risk
16841.0,36,14,3841.16,3,4,4,344,Loyal Customers
16842.0,63,4,1260.44,3,2,3,323,Others
16843.0,42,38,19528.78,3,4,4,344,Loyal Customers
16844.0,562,2,614.34,1,1,2,112,At Risk
16845.0,617,1,253.88,1,1,1,111,At Risk
16846.0,49,3,842.41,3,2,2,322,Others
16847.0,42,2,614.89,3,1,2,312,Others
16848.0,52,4,1411.62,3,2,3,323,Others
16849.0,186,1,124.57,2,1,1,211,Others
16850.0,333,1,332.41,2,1,2,212,Others
16851.0,3,3,342.45,4,2,2,422,Recent Customers
16852.0,9,2,144.91000000000003,4,1,1,411,Recent Customers
16853.0,730,1,-67.5,1,1,1,111,At Risk
16854.0,416,2,1408.96,1,1,3,113,At Risk
16855.0,23,2,328.4,4,1,2,412,Recent Customers
16856.0,14,3,358.49,4,2,2,422,Recent Customers
16857.0,442,1,352.8,1,1,2,112,At Risk
16858.0,365,16,4431.63,2,4,4,244,Loyal Customers
16859.0,105,10,1657.74,2,4,3,243,Loyal Customers
16860.0,452,4,1593.67,1,2,3,123,At Risk
16861.0,59,6,902.37,3,3,3,333,Loyal Customers
16862.0,546,4,662.33,1,2,2,122,At Risk
16863.0,28,5,977.07,3,3,3,333,Loyal Customers
16864.0,433,2,409.25,1,1,2,112,At Risk
16865.0,401,1,130.95,1,1,1,111,At Risk
16866.0,140,3,207.73999999999998,2,2,1,221,Others
16867.0,689,1,76.74000000000001,1,1,1,111,At Risk
16868.0,393,3,393.39,1,2,2,122,At Risk
16869.0,22,5,805.62,4,3,2,432,Recent Customers
16870.0,468,1,450.15999999999997,1,1,2,112,At Risk
16871.0,21,7,2761.4900000000002,4,3,4,434,Loyal Customers
16872.0,76,6,1213.13,3,3,3,333,Loyal Customers
16873.0,4,17,14547.03,4,4,4,444,Champions
16874.0,378,1,217.74,2,1,1,211,Others
16875.0,63,20,4053.2,3,4,4,344,Loyal Customers
16876.0,403,1,136.01,1,1,1,111,At Risk
16877.0,11,6,853.72,4,3,3,433,Loyal Customers
16878.0,24,2,0.0,4,1,1,411,Recent Customers
16879.0,419,2,-140.95999999999998,1,1,1,111,At Risk
16880.0,30,8,1840.86,3,3,3,333,Loyal Customers
16881.0,66,1,432.0,3,1,2,312,Others
16882.0,66,3,705.12,3,2,2,322,Others
16883.0,186,20,2386.64,2,4,4,244,Loyal Customers
16884.0,37,4,1073.92,3,2,3,323,Others
16885.0,14,4,710.74,4,2,2,422,Recent Customers
16886.0,444,2,0.0,1,1,1,111,At Risk
16887.0,34,3,660.72,3,2,2,322,Others
16888.0,400,3,437.15,1,2,2,122,At Risk
16889.0,194,6,2530.9,2,3,4,234,Loyal Customers
16890.0,476,3,285.41,1,2,1,121,At Risk
16891.0,1,11,2056.82,4,4,3,443,Loyal Customers
16892.0,0,9,733.4,4,4,2,442,Recent Customers
16893.0,366,2,401.77,2,1,2,212,Others
16894.0,501,5,1282.36,1,3,3,133,Loyal Customers
16895.0,64,5,1121.42,3,3,3,333,Loyal Customers
16896.0,554,1,103.95,1,1,1,111,At Risk
16897.0,298,3,213.03,2,2,1,221,Others
16898.0,25,6,887.67,3,3,3,333,Loyal Customers
16899.0,7,8,1721.02,4,3,3,433,Loyal Customers
16900.0,11,5,187.6900000000001,4,3,1,431,Recent Customers
16901.0,728,1,204.26,1,1,1,111,At Risk
16902.0,115,1,1706.88,2,1,3,213,Others
16903.0,28,4,1029.98,3,2,3,323,Others
16904.0,3,21,5132.37,4,4,4,444,Champions
16905.0,4,20,5004.5,4,4,4,444,Champions
16906.0,81,7,1448.8,3,3,3,333,Loyal Customers
16907.0,28,9,1707.9,3,4,3,343,Loyal Customers
16908.0,721,2,153.59,1,1,1,111,At Risk
16909.0,63,2,364.14,3,1,2,312,Others
16910.0,3,8,1510.06,4,3,3,433,Loyal Customers
16911.0,626,3,251.35,1,2,1,121,At Risk
16912.0,22,18,4433.6,4,4,4,444,Champions
16913.0,289,3,423.90999999999997,2,2,2,222,Others
16914.0,35,1,208.46,3,1,1,311,Others
16915.0,8,11,1543.18,4,4,3,443,Loyal Customers
16916.0,23,4,1123.4,4,2,3,423,Recent Customers
16917.0,276,3,1848.88,2,2,3,223,Others
16918.0,49,19,3138.06,3,4,4,344,Loyal Customers
16919.0,155,28,5053.81,2,4,4,244,Loyal Customers
16920.0,410,1,355.45,1,1,2,112,At Risk
16921.0,60,3,446.67,3,2,2,322,Others
16922.0,572,1,611.08,1,1,2,112,At Risk
16923.0,11,41,12793.380000000001,4,4,4,444,Champions
16924.0,20,4,739.5,4,2,2,422,Recent Customers
16925.0,539,1,125.65,1,1,1,111,At Risk
16926.0,370,6,1410.4,2,3,3,233,Loyal Customers
16927.0,115,3,543.05,2,2,2,222,Others
16928.0,79,33,3993.58,3,4,4,344,Loyal Customers
16929.0,3,7,1295.39,4,3,3,433,Loyal Customers
16930.0,25,3,380.55,3,2,2,322,Others
16931.0,4,23,5233.62,4,4,4,444,Champions
16932.0,52,3,440.71,3,2,2,322,Others
16933.0,0,16,3099.6,4,4,4,444,Champions
16934.0,54,7,2090.7400000000002,3,3,3,333,Loyal Customers
16935.0,381,3,535.1,1,2,2,122,At Risk
16936.0,25,2,551.17,3,1,2,312,Others
16937.0,498,1,202.1,1,1,1,111,At Risk
16938.0,8,10,6209.93,4,4,4,444,Champions
16939.0,488,3,449.0,1,2,2,122,At Risk
16940.0,51,11,6245.41,3,4,4,344,Loyal Customers
16941.0,611,1,33.0,1,1,1,111,At Risk
16942.0,12,10,1894.11,4,4,3,443,Loyal Customers
16943.0,211,7,816.73,2,3,2,232,Others
16944.0,609,1,101.36,1,1,1,111,At Risk
16945.0,21,35,8530.66,4,4,4,444,Champions
16946.0,382,6,1199.54,1,3,3,133,Loyal Customers
16947.0,235,10,896.73,2,4,3,243,Loyal Customers
16948.0,138,7,868.77,2,3,3,233,Loyal Customers
16949.0,3,7,1161.27,4,3,3,433,Loyal Customers
16950.0,56,12,3725.19,3,4,4,344,Loyal Customers
16951.0,122,4,1262.75,2,2,3,223,Others
16952.0,108,5,798.78,2,3,2,232,Others
16953.0,29,1,20.8,3,1,1,311,Others
16954.0,0,21,6037.33,4,4,4,444,Champions
16955.0,184,9,1261.16,2,4,3,243,Loyal Customers
16956.0,8,2,292.34,4,1,1,411,Recent Customers
16957.0,238,2,416.64,2,1,2,212,Others
16958.0,434,1,809.44,1,1,2,112,At Risk
16959.0,86,1,117.35000000000001,3,1,1,311,Others
16960.0,38,9,2021.98,3,4,3,343,Loyal Customers
16961.0,115,6,773.01,2,3,2,232,Others
16962.0,409,1,251.04,1,1,1,111,At Risk
16963.0,186,1,110.55000000000001,2,1,1,211,Others
16964.0,732,2,207.85,1,1,1,111,At Risk
16965.0,226,1,201.19,2,1,1,211,Others
16966.0,7,10,2148.47,4,4,3,443,Loyal Customers
16967.0,188,1,319.02,2,1,1,211,Others
16968.0,3,2,439.43,4,1,2,412,Recent Customers
16969.0,38,3,650.41,3,2,2,322,Others
16970.0,625,1,71.4,1,1,1,111,At Risk
16971.0,2,2,232.20999999999998,4,1,1,411,Recent Customers
16972.0,382,2,786.25,1,1,2,112,At Risk
16973.0,385,1,127.0,1,1,1,111,At Risk
16974.0,522,2,365.5,1,1,2,112,At Risk
16975.0,413,5,902.4200000000001,1,3,3,133,Loyal Customers
16976.0,266,1,251.51999999999998,2,1,1,211,Others
16977.0,394,4,496.0,1,2,2,122,At Risk
16978.0,77,3,768.88,3,2,2,322,Others
16979.0,3,12,2787.09,4,4,4,444,Champions
16980.0,254,3,1473.3300000000002,2,2,3,223,Others
16981.0,539,1,-4620.86,1,1,1,111,At Risk
16982.0,60,1,384.06,3,1,2,312,Others
16983.0,12,12,3699.17,4,4,4,444,Champions
16984.0,77,19,10599.42,3,4,4,344,Loyal Customers
16985.0,16,26,10545.76,4,4,4,444,Champions
16986.0,29,11,4888.75,3,4,4,344,Loyal Customers
16987.0,2,12,2524.0,4,4,4,444,Champions
16988.0,4,2,382.67,4,1,2,412,Recent Customers
16989.0,6,6,1133.25,4,3,3,433,Loyal Customers
16990.0,218,2,344.0,2,1,2,212,Others
16991.0,420,1,1041.21,1,1,3,113,At Risk
16992.0,10,15,5460.1,4,4,4,444,Champions
16993.0,462,3,1688.15,1,2,3,123,At Risk
16994.0,625,1,-779.32,1,1,1,111,At Risk
16995.0,371,1,-2.5,2,1,1,211,Others
16996.0,29,13,2044.16,3,4,3,343,Loyal Customers
16997.0,287,3,702.0,2,2,2,222,Others
16998.0,149,7,394.02000000000004,2,3,2,232,Others
16999.0,22,2,484.82,4,1,2,412,Recent Customers
17000.0,395,2,406.3,1,1,2,112,At Risk
17001.0,0,19,6640.8,4,4,4,444,Champions
17002.0,72,8,2565.6,3,3,4,334,Loyal Customers
17003.0,401,4,830.16,1,2,2,122,At Risk
17004.0,45,4,2425.16,3,2,4,324,Others
17005.0,470,3,732.41,1,2,2,122,At Risk
17006.0,4,8,1636.32,4,3,3,433,Loyal Customers
17007.0,50,8,1107.6,3,3,3,333,Loyal Customers
17008.0,428,1,81.36,1,1,1,111,At Risk
17009.0,550,1,242.06,1,1,1,111,At Risk
17010.0,16,2,185.46,4,1,1,411,Recent Customers
17011.0,29,4,536.7,3,2,2,322,Others
17012.0,724,1,384.16,1,1,2,112,At Risk
17013.0,602,2,-3224.76,1,1,1,111,At Risk
17014.0,7,4,565.58,4,2,2,422,Recent Customers
17015.0,28,3,1842.56,3,2,3,323,Others
17016.0,576,1,552.4,1,1,2,112,At Risk
17017.0,2,41,8087.41,4,4,4,444,Champions
17018.0,40,6,2287.7,3,3,4,334,Loyal Customers
17019.0,10,13,3951.5,4,4,4,444,Champions
17020.0,541,2,935.62,1,1,3,113,At Risk
17021.0,441,6,1182.22,1,3,3,133,Loyal Customers
17022.0,30,2,260.0,3,1,1,311,Others
17023.0,416,3,800.18,1,2,2,122,At Risk
17024.0,44,3,95.85,3,2,1,321,Others
17025.0,60,5,1510.6399999999999,3,3,3,333,Loyal Customers
17026.0,184,3,208.98,2,2,1,221,Others
17027.0,78,10,1285.41,3,4,3,343,Loyal Customers
17028.0,580,3,1593.83,1,2,3,123,At Risk
17029.0,110,7,2137.3,2,3,3,233,Loyal Customers
17030.0,63,1,146.87,3,1,1,311,Others
17031.0,11,6,2773.85,4,3,4,434,Loyal Customers
17032.0,441,13,2150.06,1,4,3,143,Loyal Customers
17033.0,85,4,1332.79,3,2,3,323,Others
17034.0,15,7,1239.32,4,3,3,433,Loyal Customers
17035.0,245,5,568.39,2,3,2,232,Others
17036.0,382,1,176.9,1,1,1,111,At Risk
17037.0,77,2,1253.22,3,1,3,313,Others
17038.0,29,2,743.17,3,1,2,312,Others
17039.0,603,1,1954.99,1,1,3,113,At Risk
17040.0,137,2,463.25,2,1,2,212,Others
17041.0,26,7,1670.48,3,3,3,333,Loyal Customers
17042.0,2,5,1044.3799999999999,4,3,3,433,Loyal Customers
17043.0,31,8,2616.55,3,3,4,334,Loyal Customers
17044.0,8,16,11867.6,4,4,4,444,Champions
17045.0,112,5,827.6800000000001,2,3,2,232,Others
17046.0,156,5,1906.07,2,3,3,233,Loyal Customers
17047.0,84,6,2289.23,3,3,4,334,Loyal Customers
17048.0,114,11,1991.45,2,4,3,243,Loyal Customers
17049.0,2,25,9593.78,4,4,4,444,Champions
17050.0,95,12,4391.66,3,4,4,344,Loyal Customers
17051.0,193,4,714.39,2,2,2,222,Others
17052.0,27,1,413.75,3,1,2,312,Others
17053.0,128,2,496.38,2,1,2,212,Others
17054.0,27,6,1353.83,3,3,3,333,Loyal Customers
17055.0,445,1,239.55,1,1,1,111,At Risk
17056.0,737,1,128.60000000000002,1,1,1,111,At Risk
17057.0,595,1,294.74,1,1,1,111,At Risk
17058.0,81,3,1179.89,3,2,3,323,Others
17059.0,29,10,5584.83,3,4,4,344,Loyal Customers
17060.0,265,1,234.24,2,1,1,211,Others
17061.0,73,12,5116.13,3,4,4,344,Loyal Customers
17062.0,313,7,1204.32,2,3,3,233,Loyal Customers
17063.0,8,23,3576.88,4,4,4,444,Champions
17064.0,58,3,859.35,3,2,3,323,Others
17065.0,142,3,82.35,2,2,1,221,Others
17066.0,725,1,228.34,1,1,1,111,At Risk
17067.0,724,3,454.54,1,2,2,122,At Risk
17068.0,11,49,9126.43,4,4,4,444,Champions
17069.0,27,21,5718.4,3,4,4,344,Loyal Customers
17070.0,113,2,445.32,2,1,2,212,Others
17071.0,8,20,3738.45,4,4,4,444,Champions
17072.0,624,1,282.05,1,1,1,111,At Risk
17073.0,17,4,1446.09,4,2,3,423,Recent Customers
17074.0,562,1,203.05,1,1,1,111,At Risk
17075.0,17,11,2221.38,4,4,4,444,Champions
17076.0,35,6,1242.75,3,3,3,333,Loyal Customers
17077.0,577,1,306.0,1,1,1,111,At Risk
17078.0,35,2,378.2,3,1,2,312,Others
17079.0,77,1,118.80000000000001,3,1,1,311,Others
17080.0,21,8,955.41,4,3,3,433,Loyal Customers
17081.0,24,6,964.39,4,3,3,433,Loyal Customers
17082.0,32,6,4732.03,3,3,4,334,Loyal Customers
17083.0,108,11,4035.08,2,4,4,244,Loyal Customers
17084.0,34,4,5199.72,3,2,4,324,Others
17085.0,122,32,7757.41,2,4,4,244,Loyal Customers
17086.0,6,6,2050.08,4,3,3,433,Loyal Customers
17087.0,737,1,221.53,1,1,1,111,At Risk
17088.0,27,4,1991.01,3,2,3,323,Others
17089.0,385,1,128.45,1,1,1,111,At Risk
17090.0,3,15,3055.94,4,4,4,444,Champions
17091.0,2,23,7777.5,4,4,4,444,Champions
17092.0,49,14,5563.31,3,4,4,344,Loyal Customers
17093.0,592,1,235.88,1,1,1,111,At Risk
17094.0,317,3,370.40000000000003,2,2,2,222,Others
17095.0,21,12,2312.59,4,4,4,444,Champions
17096.0,8,17,3690.83,4,4,4,444,Champions
17097.0,1,10,1323.95,4,4,3,443,Loyal Customers
17098.0,381,3,591.0699999999999,1,2,2,122,At Risk
17099.0,532,1,582.17,1,1,2,112,At Risk
17100.0,17,2,971.74,4,1,3,413,Recent Customers
17101.0,9,7,2507.05,4,3,4,434,Loyal Customers
17102.0,261,1,25.5,2,1,1,211,Others
17103.0,721,1,424.3,1,1,2,112,At Risk
17104.0,423,1,474.03,1,1,2,112,At Risk
17105.0,158,2,665.78,2,1,2,212,Others
17106.0,388,1,491.23,1,1,2,112,At Risk
17107.0,32,13,15616.82,3,4,4,344,Loyal Customers
17108.0,663,1,174.95,1,1,1,111,At Risk
17109.0,28,10,1280.1,3,4,3,343,Loyal Customers
17110.0,164,3,510.7,2,2,2,222,Others
17111.0,46,2,476.58,3,1,2,312,Others
17112.0,502,1,205.17,1,1,1,111,At Risk
17113.0,504,8,2109.16,1,3,3,133,Loyal Customers
17114.0,5,10,747.22,4,4,2,442,Recent Customers
17115.0,7,13,2616.29,4,4,4,444,Champions
17116.0,647,1,389.78,1,1,2,112,At Risk
17117.0,287,1,116.19999999999999,2,1,1,211,Others
17118.0,317,1,157.02,2,1,1,211,Others
17119.0,2,3,593.61,4,2,2,422,Recent Customers
17120.0,232,1,307.46,2,1,1,211,Others
17121.0,402,1,314.74,1,1,1,111,At Risk
17122.0,118,4,570.5,2,2,2,222,Others
17123.0,161,3,977.17,2,2,3,223,Others
17124.0,184,1,298.89,2,1,1,211,Others
17125.0,49,1,259.35,3,1,1,311,Others
17126.0,151,11,2057.54,2,4,3,243,Loyal Customers
17127.0,428,5,1155.0300000000002,1,3,3,133,Loyal Customers
17128.0,334,1,157.09,2,1,1,211,Others
17129.0,519,1,31.85,1,1,1,111,At Risk
17130.0,681,1,-18.38,1,1,1,111,At Risk
17131.0,4,5,2463.17,4,3,4,434,Loyal Customers
17132.0,451,2,1272.8,1,1,3,113,At Risk
17133.0,15,13,12972.09,4,4,4,444,Champions
17134.0,106,3,637.1,2,2,2,222,Others
17135.0,15,11,1943.24,4,4,3,443,Loyal Customers
17136.0,661,1,231.68,1,1,1,111,At Risk
17137.0,415,6,1133.63,1,3,3,133,Loyal Customers
17138.0,275,7,4417.27,2,3,4,234,Loyal Customers
17139.0,15,29,19491.61,4,4,4,444,Champions
17140.0,246,1,465.32,2,1,2,212,Others
17141.0,417,4,754.33,1,2,2,122,At Risk
17142.0,238,4,1283.75,2,2,3,223,Others
17143.0,416,2,924.11,1,1,3,113,At Risk
17144.0,0,2,984.57,4,1,3,413,Recent Customers
17145.0,464,7,3014.64,1,3,4,134,Loyal Customers
17146.0,105,16,5795.99,2,4,4,244,Loyal Customers
17147.0,22,16,3069.15,4,4,4,444,Champions
17148.0,51,1,124.88,3,1,1,311,Others
17149.0,450,1,143.10000000000002,1,1,1,111,At Risk
17150.0,376,6,1375.65,2,3,3,233,Loyal Customers
17151.0,734,1,231.90000000000003,1,1,1,111,At Risk
17152.0,194,5,1830.5,2,3,3,233,Loyal Customers
17153.0,23,1,213.78,4,1,1,411,Recent Customers
17154.0,74,1,329.34,3,1,2,312,Others
17155.0,17,7,892.46,4,3,3,433,Loyal Customers
17156.0,483,2,572.07,1,1,2,112,At Risk
17157.0,7,20,5139.45,4,4,4,444,Champions
17158.0,31,6,1962.3,3,3,3,333,Loyal Customers
17159.0,21,6,2095.44,4,3,3,433,Loyal Customers
17160.0,30,18,10201.36,3,4,4,344,Loyal Customers
17161.0,443,1,856.01,1,1,3,113,At Risk
17162.0,28,11,1707.21,3,4,3,343,Loyal Customers
17163.0,21,4,699.78,4,2,2,422,Recent Customers
17164.0,32,8,2466.4,3,3,4,334,Loyal Customers
17165.0,283,8,1783.63,2,3,3,233,Loyal Customers
17166.0,38,3,189.49,3,2,1,321,Others
17167.0,379,3,867.11,2,2,3,223,Others
17168.0,498,1,400.2,1,1,2,112,At Risk
17169.0,49,6,1129.8799999999999,3,3,3,333,Loyal Customers
17170.0,373,3,118.98,2,2,1,221,Others
17171.0,288,2,384.59,2,1,2,212,Others
17172.0,74,6,910.99,3,3,3,333,Loyal Customers
17173.0,4,9,3755.65,4,4,4,444,Champions
17174.0,217,1,59.9,2,1,1,211,Others
17175.0,43,5,1430.94,3,3,3,333,Loyal Customers
17176.0,201,3,902.3199999999999,2,2,3,223,Others
17177.0,504,1,119.5,1,1,1,111,At Risk
17178.0,730,1,436.71,1,1,2,112,At Risk
17179.0,177,6,1507.26,2,3,3,233,Loyal Customers
17180.0,55,14,2236.33,3,4,4,344,Loyal Customers
17181.0,56,3,465.37,3,2,2,322,Others
17182.0,422,2,321.3,1,1,1,111,At Risk
17183.0,7,8,3286.9100000000003,4,3,4,434,Loyal Customers
17184.0,568,2,198.41000000000003,1,1,1,111,At Risk
17185.0,591,3,229.46,1,2,1,121,At Risk
17186.0,46,2,144.0,3,1,1,311,Others
17187.0,226,2,467.71,2,1,2,212,Others
17188.0,10,17,4361.83,4,4,4,444,Champions
17189.0,105,5,957.63,2,3,3,233,Loyal Customers
17190.0,58,8,1548.04,3,3,3,333,Loyal Customers
17191.0,27,16,4810.55,3,4,4,344,Loyal Customers
17192.0,535,1,77.83,1,1,1,111,At Risk
17193.0,35,12,2254.6,3,4,4,344,Loyal Customers
17194.0,273,3,812.5,2,2,2,222,Others
17195.0,654,1,562.98,1,1,2,112,At Risk
17196.0,427,1,352.9,1,1,2,112,At Risk
17197.0,29,1,1013.01,3,1,3,313,Others
17198.0,23,3,1213.88,4,2,3,423,Recent Customers
17199.0,581,1,145.12,1,1,1,111,At Risk
17200.0,386,4,356.71,1,2,2,122,At Risk
17201.0,53,5,1226.44,3,3,3,333,Loyal Customers
17202.0,420,1,160.65,1,1,1,111,At Risk
17203.0,35,10,5575.88,3,4,4,344,Loyal Customers
17204.0,168,15,5263.69,2,4,4,244,Loyal Customers
17205.0,53,3,999.35,3,2,3,323,Others
17206.0,52,1,204.24,3,1,1,311,Others
17207.0,651,1,303.21999999999997,1,1,1,111,At Risk
17208.0,395,1,115.35,1,1,1,111,At Risk
17209.0,648,3,611.6,1,2,2,122,At Risk
17210.0,392,1,253.37,1,1,1,111,At Risk
17211.0,26,15,4002.1,3,4,4,344,Loyal Customers
17212.0,252,3,794.41,2,2,2,222,Others
17213.0,39,20,5078.93,3,4,4,344,Loyal Customers
17214.0,59,7,984.12,3,3,3,333,Loyal Customers
17215.0,463,1,186.15,1,1,1,111,At Risk
17216.0,553,1,65.05,1,1,1,111,At Risk
17217.0,233,2,218.0,2,1,1,211,Others
17218.0,3,18,4192.68,4,4,4,444,Champions
17219.0,31,2,259.13,3,1,1,311,Others
17220.0,23,21,4481.75,4,4,4,444,Champions
17221.0,6,5,978.52,4,3,3,433,Loyal Customers
17222.0,64,6,1605.01,3,3,3,333,Loyal Customers
17223.0,309,3,873.53,2,2,3,223,Others
17224.0,500,1,100.86,1,1,1,111,At Risk
17225.0,581,1,131.15,1,1,1,111,At Risk
17226.0,308,3,900.12,2,2,3,223,Others
17227.0,18,12,2022.03,4,4,3,443,Loyal Customers
17228.0,15,13,3177.24,4,4,4,444,Champions
17229.0,95,2,318.76,3,1,1,311,Others
17230.0,263,23,9695.91,2,4,4,244,Loyal Customers
17231.0,11,35,7091.07,4,4,4,444,Champions
17232.0,2,2,421.52,4,1,2,412,Recent Customers
17233.0,34,3,560.86,3,2,2,322,Others
17234.0,182,1,149.89000000000001,2,1,1,211,Others
17235.0,24,8,1904.8799999999999,4,3,3,433,Loyal Customers
17236.0,12,12,1929.26,4,4,3,443,Loyal Customers
17237.0,10,4,1002.08,4,2,3,423,Recent Customers
17238.0,2,32,7783.1,4,4,4,444,Champions
17239.0,312,6,1174.15,2,3,3,233,Loyal Customers
17240.0,595,1,130.6,1,1,1,111,At Risk
17241.0,384,12,2744.14,1,4,4,144,Loyal Customers
17242.0,107,5,2889.28,2,3,4,234,Loyal Customers
17243.0,0,80,20709.21,4,4,4,444,Champions
17244.0,52,5,1826.04,3,3,3,333,Loyal Customers
17245.0,204,2,371.63,2,1,2,212,Others
17246.0,546,2,38.92,1,1,1,111,At Risk
17247.0,14,1,282.19,4,1,1,411,Recent Customers
17248.0,119,2,546.16,2,1,2,212,Others
17249.0,428,1,68.03,1,1,1,111,At Risk
17250.0,3,2,384.52,4,1,2,412,Recent Customers
17251.0,362,4,803.73,2,2,2,222,Others
17252.0,116,2,353.86,2,1,2,212,Others
17253.0,17,1,178.26,4,1,1,411,Recent Customers
17254.0,4,3,470.73,4,2,2,422,Recent Customers
17255.0,40,4,799.13,3,2,2,322,Others
17256.0,106,5,498.93,2,3,2,232,Others
17257.0,435,2,192.73,1,1,1,111,At Risk
17258.0,396,2,417.3,1,1,2,112,At Risk
17259.0,147,6,1889.34,2,3,3,233,Loyal Customers
17260.0,410,1,120.95,1,1,1,111,At Risk
17261.0,509,1,230.44,1,1,1,111,At Risk
17262.0,51,11,2757.62,3,4,4,344,Loyal Customers
17263.0,207,1,63.440000000000005,2,1,1,211,Others
17264.0,423,1,279.59,1,1,1,111,At Risk
17265.0,138,2,562.9,2,1,2,212,Others
17266.0,1,5,517.73,4,3,2,432,Recent Customers
17267.0,126,2,317.62,2,1,1,211,Others
17268.0,107,11,1733.8899999999999,2,4,3,243,Loyal Customers
17269.0,385,1,537.46,1,1,2,112,At Risk
17270.0,468,2,604.4,1,1,2,112,At Risk
17271.0,735,1,210.39,1,1,1,111,At Risk
17272.0,41,5,2144.53,3,3,3,333,Loyal Customers
17273.0,423,1,141.12,1,1,1,111,At Risk
17274.0,34,2,577.38,3,1,2,312,Others
17275.0,382,1,114.52,1,1,1,111,At Risk
17276.0,399,2,451.34000000000003,1,1,2,112,At Risk
17277.0,227,2,1065.3500000000001,2,1,3,213,Others
17278.0,240,2,271.24,2,1,1,211,Others
17279.0,57,1,187.82999999999998,3,1,1,311,Others
17280.0,437,1,118.85999999999999,1,1,1,111,At Risk
17281.0,373,6,797.8499999999999,2,3,2,232,Others
17282.0,129,5,2339.66,2,3,4,234,Loyal Customers
17283.0,378,1,188.46,2,1,1,211,Others
17284.0,59,11,2328.22,3,4,4,344,Loyal Customers
17285.0,627,2,428.34,1,1,2,112,At Risk
17286.0,21,3,395.48,4,2,2,422,Recent Customers
17287.0,25,23,4095.71,3,4,4,344,Loyal Customers
17288.0,8,11,2499.98,4,4,4,444,Champions
17289.0,31,11,2069.89,3,4,3,343,Loyal Customers
17290.0,3,8,1501.44,4,3,3,433,Loyal Customers
17291.0,307,1,550.8000000000001,2,1,2,212,Others
17292.0,471,2,271.75,1,1,1,111,At Risk
17293.0,7,17,3774.23,4,4,4,444,Champions
17294.0,668,2,467.78999999999996,1,1,2,112,At Risk
17295.0,28,3,556.95,3,2,2,322,Others
17296.0,729,1,338.13,1,1,2,112,At Risk
17297.0,16,1,131.78,4,1,1,411,Recent Customers
17298.0,100,6,952.52,2,3,3,233,Loyal Customers
17299.0,11,6,1016.08,4,3,3,433,Loyal Customers
17300.0,390,2,393.64,1,1,2,112,At Risk
17301.0,20,2,330.43,4,1,2,412,Recent Customers
17302.0,14,6,1119.93,4,3,3,433,Loyal Customers
17303.0,360,1,250.04,2,1,1,211,Others
17304.0,533,1,111.5,1,1,1,111,At Risk
17305.0,648,1,2135.46,1,1,3,113,At Risk
17306.0,10,23,9751.77,4,4,4,444,Champions
17307.0,364,15,3225.67,2,4,4,244,Loyal Customers
17308.0,392,2,4511.76,1,1,4,114,At Risk
17309.0,94,3,330.59000000000003,3,2,2,322,Others
17310.0,386,2,1025.1,1,1,3,113,At Risk
17311.0,77,7,3490.66,3,3,4,334,Loyal Customers
17312.0,138,3,644.3,2,2,2,222,Others
17313.0,17,2,2288.13,4,1,4,414,Recent Customers
17314.0,24,22,4514.7,4,4,4,444,Champions
17315.0,0,49,9558.55,4,4,4,444,Champions
17316.0,419,1,124.45,1,1,1,111,At Risk
17317.0,45,5,2524.02,3,3,4,334,Loyal Customers
17318.0,724,1,164.28,1,1,1,111,At Risk
17319.0,668,1,29.1,1,1,1,111,At Risk
17320.0,99,6,2895.77,2,3,4,234,Loyal Customers
17321.0,7,6,1741.18,4,3,3,433,Loyal Customers
17322.0,375,7,900.64,2,3,3,233,Loyal Customers
17323.0,14,14,1553.51,4,4,3,443,Loyal Customers
17324.0,17,13,2148.87,4,4,3,443,Loyal Customers
17325.0,279,3,609.5699999999999,2,2,2,222,Others
17326.0,407,2,321.95,1,1,1,111,At Risk
17327.0,409,2,152.35,1,1,1,111,At Risk
17328.0,672,1,104.7,1,1,1,111,At Risk
17329.0,13,5,1004.4300000000001,4,3,3,433,Loyal Customers
17330.0,22,4,423.8,4,2,2,422,Recent Customers
17331.0,123,1,175.2,2,1,1,211,Others
17332.0,527,5,838.27,1,3,2,132,At Risk
17333.0,85,1,494.25,3,1,2,312,Others
17334.0,300,4,634.73,2,2,2,222,Others
17335.0,383,2,508.0,1,1,2,112,At Risk
17336.0,471,1,81.12,1,1,1,111,At Risk
17337.0,150,7,1944.32,2,3,3,233,Loyal Customers
17338.0,16,20,12036.57,4,4,4,444,Champions
17339.0,93,4,303.36,3,2,1,321,Others
17340.0,8,30,21411.64,4,4,4,444,Champions
17341.0,156,5,1889.83,2,3,3,233,Loyal Customers
17342.0,373,7,1155.8400000000001,2,3,3,233,Loyal Customers
17343.0,354,6,1259.94,2,3,3,233,Loyal Customers
17344.0,45,3,454.61,3,2,2,322,Others
17345.0,14,12,1484.3799999999999,4,4,3,443,Loyal Customers
17346.0,3,27,5258.02,4,4,4,444,Champions
17347.0,85,1,228.96,3,1,1,311,Others
17348.0,14,9,2476.41,4,4,4,444,Champions
17349.0,178,5,852.25,2,3,3,233,Loyal Customers
17350.0,7,8,1876.161,4,3,3,433,Loyal Customers
17351.0,35,12,1988.23,3,4,3,343,Loyal Customers
17352.0,695,1,36.25,1,1,1,111,At Risk
17353.0,128,7,3155.55,2,3,4,234,Loyal Customers
17354.0,50,4,3143.46,3,2,4,324,Others
17355.0,385,1,285.11,1,1,1,111,At Risk
17356.0,311,5,946.47,2,3,3,233,Loyal Customers
17357.0,23,2,388.14,4,1,2,412,Recent Customers
17358.0,302,5,866.05,2,3,3,233,Loyal Customers
17359.0,10,2,284.46,4,1,1,411,Recent Customers
17360.0,16,7,1201.43,4,3,3,433,Loyal Customers
17361.0,48,5,880.64,3,3,3,333,Loyal Customers
17362.0,238,8,1010.54,2,3,3,233,Loyal Customers
17363.0,394,3,940.86,1,2,3,123,At Risk
17364.0,0,31,11684.55,4,4,4,444,Champions
17365.0,12,16,8205.83,4,4,4,444,Champions
17366.0,391,3,1094.59,1,2,3,123,At Risk
17367.0,237,1,168.4,2,1,1,211,Others
17368.0,22,16,2213.24,4,4,4,444,Champions
17369.0,455,1,979.1999999999999,1,1,3,113,At Risk
17370.0,72,4,446.18,3,2,2,322,Others
17371.0,16,6,662.55,4,3,2,432,Recent Customers
17372.0,40,31,4325.43,3,4,4,344,Loyal Customers
17373.0,39,7,1167.5,3,3,3,333,Loyal Customers
17374.0,218,4,711.21,2,2,2,222,Others
17375.0,189,5,632.95,2,3,2,232,Others
17376.0,70,4,453.64,3,2,2,322,Others
17377.0,23,91,17851.41,4,4,4,444,Champions
17378.0,373,2,0.0,2,1,1,211,Others
17379.0,10,1,404.66,4,1,2,412,Recent Customers
17380.0,433,4,643.75,1,2,2,122,At Risk
17381.0,8,39,39999.19,4,4,4,444,Champions
17382.0,64,8,902.28,3,3,3,333,Loyal Customers
17383.0,3,2,309.99,4,1,1,411,Recent Customers
17384.0,18,3,507.55,4,2,2,422,Recent Customers
17385.0,14,1,261.11,4,1,1,411,Recent Customers
17386.0,7,7,2812.77,4,3,4,434,Loyal Customers
17387.0,19,2,784.11,4,1,2,412,Recent Customers
17388.0,77,11,2691.57,3,4,4,344,Loyal Customers
17389.0,0,77,54587.03,4,4,4,444,Champions
17390.0,420,1,149.3,1,1,1,111,At Risk
17391.0,163,2,508.8,2,1,2,212,Others
17392.0,306,3,626.56,2,2,2,222,Others
17393.0,410,2,381.15,1,1,2,112,At Risk
17394.0,218,1,203.86999999999998,2,1,1,211,Others
17395.0,507,1,97.5,1,1,1,111,At Risk
17396.0,38,16,8529.6,3,4,4,344,Loyal Customers
17397.0,21,3,1233.18,4,2,3,423,Recent Customers
17398.0,114,3,653.38,2,2,2,222,Others
17399.0,539,1,-25111.09,1,1,1,111,At Risk
17400.0,125,8,4677.05,2,3,4,234,Loyal Customers
17401.0,540,1,114.85,1,1,1,111,At Risk
17402.0,4,26,5047.08,4,4,4,444,Champions
17403.0,35,2,400.57,3,1,2,312,Others
17404.0,3,28,46006.82,4,4,4,444,Champions
17405.0,0,5,967.22,4,3,3,433,Loyal Customers
17406.0,329,18,4592.1,2,4,4,244,Loyal Customers
17407.0,411,1,552.9,1,1,2,112,At Risk
17408.0,162,4,164.89000000000001,2,2,1,221,Others
17409.0,184,10,7793.51,2,4,4,244,Loyal Customers
17410.0,15,5,1214.72,4,3,3,433,Loyal Customers
17411.0,11,9,1286.53,4,4,3,443,Loyal Customers
17412.0,2,19,4384.98,4,4,4,444,Champions
17413.0,404,2,560.14,1,1,2,112,At Risk
17414.0,43,6,2249.52,3,3,4,334,Loyal Customers
17415.0,79,1,507.84,3,1,2,312,Others
17416.0,29,25,17221.47,3,4,4,344,Loyal Customers
17417.0,548,1,164.18,1,1,1,111,At Risk
17418.0,41,3,670.0600000000001,3,2,2,322,Others
17419.0,10,20,6474.92,4,4,4,444,Champions
17420.0,49,8,1074.53,3,3,3,333,Loyal Customers
17421.0,385,3,1059.41,1,2,3,123,At Risk
17422.0,15,20,3341.65,4,4,4,444,Champions
17423.0,44,5,1084.17,3,3,3,333,Loyal Customers
17424.0,427,1,-176.96,1,1,1,111,At Risk
17425.0,18,2,759.17,4,1,2,412,Recent Customers
17426.0,3,17,7606.37,4,4,4,444,Champions
17427.0,71,1,100.8,3,1,1,311,Others
17428.0,0,51,31238.06,4,4,4,444,Champions
17429.0,120,7,1342.16,2,3,3,233,Loyal Customers
17430.0,32,4,735.17,3,2,2,322,Others
17431.0,312,1,403.3,2,1,2,212,Others
17432.0,17,9,1751.39,4,4,3,443,Loyal Customers
17433.0,87,2,569.96,3,1,2,312,Others
17434.0,1,9,2333.42,4,4,4,444,Champions
17435.0,410,1,331.35,1,1,2,112,At Risk
17436.0,1,7,521.31,4,3,2,432,Recent Customers
17437.0,529,1,373.17,1,1,2,112,At Risk
17438.0,246,6,1412.6200000000001,2,3,3,233,Loyal Customers
17439.0,655,1,325.74,1,1,2,112,At Risk
17440.0,147,6,314.26,2,3,1,231,Others
17441.0,731,1,293.35,1,1,1,111,At Risk
17442.0,28,23,4500.7,3,4,4,344,Loyal Customers
17443.0,219,1,534.24,2,1,2,212,Others
17444.0,147,3,2940.04,2,2,4,224,Others
17445.0,630,1,-506.51,1,1,1,111,At Risk
17446.0,176,2,120.9,2,1,1,211,Others
17447.0,39,2,541.53,3,1,2,312,Others
17448.0,144,54,10192.73,2,4,4,244,Loyal Customers
17449.0,1,14,4935.15,4,4,4,444,Champions
17450.0,7,61,233579.38999999998,4,4,4,444,Champions
17451.0,0,10,1648.95,4,4,3,443,Loyal Customers
17452.0,602,1,-227.28,1,1,1,111,At Risk
17453.0,17,2,486.71999999999997,4,1,2,412,Recent Customers
17454.0,191,11,1532.64,2,4,3,243,Loyal Customers
17455.0,203,1,131.7,2,1,1,211,Others
17456.0,364,2,1225.42,2,1,3,213,Others
17457.0,126,18,5799.01,2,4,4,244,Loyal Customers
17458.0,14,2,529.58,4,1,2,412,Recent Customers
17459.0,42,2,657.3,3,1,2,312,Others
17460.0,78,21,2007.4,3,4,3,343,Loyal Customers
17461.0,22,3,757.46,4,2,2,422,Recent Customers
17462.0,50,3,662.94,3,2,2,322,Others
17463.0,15,9,2537.91,4,4,4,444,Champions
17464.0,157,4,879.74,2,2,3,223,Others
17465.0,425,9,2533.64,1,4,4,144,Loyal Customers
17466.0,9,2,763.28,4,1,2,412,Recent Customers
17467.0,394,1,102.6,1,1,1,111,At Risk
17468.0,9,3,194.8,4,2,1,421,Recent Customers
17469.0,15,22,4958.34,4,4,4,444,Champions
17470.0,44,11,2804.87,3,4,4,344,Loyal Customers
17471.0,474,1,321.65000000000003,1,1,1,111,At Risk
17472.0,190,4,935.1,2,2,3,223,Others
17473.0,400,3,592.15,1,2,2,122,At Risk
17474.0,599,1,1047.0,1,1,3,113,At Risk
17475.0,78,1,194.37,3,1,1,311,Others
17476.0,392,4,446.51,1,2,2,122,At Risk
17477.0,612,5,1079.0,1,3,3,133,Loyal Customers
17478.0,407,2,1272.8,1,1,3,113,At Risk
17479.0,632,1,389.26000000000005,1,1,2,112,At Risk
17480.0,73,3,896.72,3,2,3,323,Others
17481.0,3,5,1249.34,4,3,3,433,Loyal Customers
17482.0,486,2,778.19,1,1,2,112,At Risk
17483.0,64,4,591.73,3,2,2,322,Others
17484.0,575,2,209.57,1,1,1,111,At Risk
17485.0,737,1,-29.55,1,1,1,111,At Risk
17486.0,260,1,396.87,2,1,2,212,Others
17487.0,727,1,160.55,1,1,1,111,At Risk
17488.0,640,1,336.5,1,1,2,112,At Risk
17489.0,58,2,376.64,3,1,2,312,Others
17490.0,0,13,2585.06,4,4,4,444,Champions
17491.0,0,18,5964.12,4,4,4,444,Champions
17492.0,247,3,1122.42,2,2,3,223,Others
17493.0,384,1,100.91000000000001,1,1,1,111,At Risk
17494.0,501,1,54.699999999999996,1,1,1,111,At Risk
17495.0,7,4,759.07,4,2,2,422,Recent Customers
17496.0,358,5,1385.89,2,3,3,233,Loyal Customers
17497.0,389,2,287.25,1,1,1,111,At Risk
17498.0,75,1,272.22,3,1,1,311,Others
17499.0,289,3,1296.84,2,2,3,223,Others
17500.0,16,3,1138.0,4,2,3,423,Recent Customers
17501.0,220,2,288.6,2,1,1,211,Others
17502.0,8,4,689.1,4,2,2,422,Recent Customers
17503.0,2,2,558.96,4,1,2,412,Recent Customers
17504.0,205,19,9313.37,2,4,4,244,Loyal Customers
17505.0,161,5,2435.48,2,3,4,234,Loyal Customers
17506.0,69,2,294.29,3,1,1,311,Others
17507.0,261,2,605.58,2,1,2,212,Others
17508.0,280,9,4546.78,2,4,4,244,Loyal Customers
17509.0,57,11,6100.74,3,4,4,344,Loyal Customers
17510.0,24,2,514.56,4,1,2,412,Recent Customers
17511.0,2,85,171885.98,4,4,4,444,Champions
17512.0,28,20,5432.27,3,4,4,344,Loyal Customers
17513.0,71,3,1158.8,3,2,3,323,Others
17514.0,127,2,542.83,2,1,2,212,Others
17515.0,30,9,1617.46,3,4,3,343,Loyal Customers
17516.0,14,6,957.55,4,3,3,433,Loyal Customers
17517.0,308,1,153.94,2,1,1,211,Others
17518.0,425,2,329.42,1,1,2,112,At Risk
17519.0,16,17,5102.8,4,4,4,444,Champions
17520.0,53,1,546.81,3,1,2,312,Others
17521.0,23,6,1276.81,4,3,3,433,Loyal Customers
17522.0,1,5,1070.71,4,3,3,433,Loyal Customers
17523.0,10,4,652.74,4,2,2,422,Recent Customers
17524.0,360,4,508.9,2,2,2,222,Others
17525.0,359,3,1161.9,2,2,3,223,Others
17526.0,0,16,3676.84,4,4,4,444,Champions
17527.0,53,6,888.86,3,3,3,333,Loyal Customers
17528.0,0,11,3540.1,4,4,4,444,Champions
17529.0,609,2,1240.25,1,1,3,113,At Risk
17530.0,0,13,3140.56,4,4,4,444,Champions
17531.0,120,9,1191.22,2,4,3,243,Loyal Customers
17532.0,385,1,65.34,1,1,1,111,At Risk
17533.0,434,1,34.8,1,1,1,111,At Risk
17534.0,53,5,1668.83,3,3,3,333,Loyal Customers
17535.0,279,1,164.4,2,1,1,211,Others
17536.0,176,3,364.83,2,2,2,222,Others
17537.0,29,2,897.62,3,1,3,313,Others
17538.0,25,1,98.42,3,1,1,311,Others
17539.0,616,7,1047.07,1,3,3,133,Loyal Customers
17540.0,8,7,1582.1000000000001,4,3,3,433,Loyal Customers
17541.0,509,1,124.46,1,1,1,111,At Risk
17542.0,269,3,341.7,2,2,2,222,Others
17543.0,549,1,120.05,1,1,1,111,At Risk
17544.0,389,3,960.69,1,2,3,123,At Risk
17545.0,42,6,1448.54,3,3,3,333,Loyal Customers
17546.0,545,1,-648.05,1,1,1,111,At Risk
17547.0,371,4,680.5500000000001,2,2,2,222,Others
17548.0,217,6,345.0,2,3,2,232,Others
17549.0,23,2,148.86,4,1,1,411,Recent Customers
17550.0,196,10,2206.54,2,4,4,244,Loyal Customers
17551.0,358,1,306.84,2,1,1,211,Others
17552.0,42,16,3039.2,3,4,4,344,Loyal Customers
17553.0,129,4,3757.6,2,2,4,224,Others
17554.0,0,5,1952.45,4,3,3,433,Loyal Customers
17555.0,19,5,1057.74,4,3,3,433,Loyal Customers
17556.0,205,2,300.67,2,1,1,211,Others
17557.0,13,4,575.46,4,2,2,422,Recent Customers
17558.0,392,1,259.17,1,1,1,111,At Risk
17559.0,512,1,167.62,1,1,1,111,At Risk
17560.0,94,9,1895.8,3,4,3,343,Loyal Customers
17561.0,18,4,722.34,4,2,2,422,Recent Customers
17562.0,13,8,1107.38,4,3,3,433,Loyal Customers
17563.0,577,5,309.28000000000003,1,3,1,131,At Risk
17564.0,23,3,454.01,4,2,2,422,Recent Customers
17565.0,586,1,131.83,1,1,1,111,At Risk
17566.0,7,2,901.21,4,1,3,413,Recent Customers
17567.0,6,11,5037.11,4,4,4,444,Champions
17568.0,632,1,382.79,1,1,2,112,At Risk
17569.0,331,1,344.14,2,1,2,212,Others
17570.0,380,2,0.0,2,1,1,211,Others
17571.0,49,5,1703.75,3,3,3,333,Loyal Customers
17572.0,70,10,723.01,3,4,2,342,Others
17573.0,28,4,362.9,3,2,2,322,Others
17574.0,242,1,185.65,2,1,1,211,Others
17575.0,666,1,171.7,1,1,1,111,At Risk
17576.0,7,45,8885.66,4,4,4,444,Champions
17577.0,644,2,348.75,1,1,2,112,At Risk
17578.0,190,10,1003.73,2,4,3,243,Loyal Customers
17579.0,4,5,744.58,4,3,2,432,Recent Customers
17580.0,252,5,545.27,2,3,2,232,Others
17581.0,0,53,18247.47,4,4,4,444,Champions
17582.0,235,6,1433.7,2,3,3,233,Loyal Customers
17583.0,559,1,135.95,1,1,1,111,At Risk
17584.0,6,7,5294.42,4,3,4,434,Loyal Customers
17585.0,108,7,2093.3,2,3,3,233,Loyal Customers
17586.0,618,1,167.4,1,1,1,111,At Risk
17587.0,627,1,181.66,1,1,1,111,At Risk
17588.0,99,9,2901.65,2,4,4,244,Loyal Customers
17589.0,59,21,13904.82,3,4,4,344,Loyal Customers
17590.0,1,3,1479.22,4,2,3,423,Recent Customers
17591.0,72,9,2765.7200000000003,3,4,4,344,Loyal Customers
17592.0,738,2,0.0,1,1,1,111,At Risk
17593.0,3,15,8044.0,4,4,4,444,Champions
17594.0,84,4,2497.88,3,2,4,324,Others
17595.0,11,2,388.79,4,1,2,412,Recent Customers
17596.0,22,14,4907.32,4,4,4,444,Champions
17597.0,213,7,3425.29,2,3,4,234,Loyal Customers
17598.0,380,1,409.98,2,1,2,212,Others
17599.0,464,3,44.55,1,2,1,121,At Risk
17600.0,17,1,161.67000000000002,4,1,1,411,Recent Customers
17601.0,238,2,421.48,2,1,2,212,Others
17602.0,1,18,7337.43,4,4,4,444,Champions
17603.0,49,11,120.01000000000002,3,4,1,341,Others
17604.0,216,6,945.9300000000001,2,3,3,233,Loyal Customers
17605.0,589,1,160.75,1,1,1,111,At Risk
17606.0,736,1,87.30000000000001,1,1,1,111,At Risk
17607.0,375,1,333.81,2,1,2,212,Others
17608.0,32,4,498.53,3,2,2,322,Others
17609.0,40,14,1758.99,3,4,3,343,Loyal Customers
17610.0,539,8,1427.84,1,3,3,133,Loyal Customers
17611.0,3,35,8205.38,4,4,4,444,Champions
17612.0,52,32,5156.14,3,4,4,344,Loyal Customers
17613.0,22,17,4509.37,4,4,4,444,Champions
17614.0,56,1,390.07,3,1,2,312,Others
17615.0,129,7,725.7,2,3,2,232,Others
17616.0,173,4,1060.8,2,2,3,223,Others
17617.0,558,2,237.28,1,1,1,111,At Risk
17618.0,5,13,4047.94,4,4,4,444,Champions
17619.0,311,1,218.52,2,1,1,211,Others
17620.0,59,1,81.44,3,1,1,311,Others
17621.0,20,8,3029.32,4,3,4,434,Loyal Customers
17622.0,596,3,1125.17,1,2,3,123,At Risk
17623.0,32,7,2383.67,3,3,4,334,Loyal Customers
17624.0,14,4,1568.63,4,2,3,423,Recent Customers
17625.0,17,8,6067.8,4,3,4,434,Loyal Customers
17626.0,602,1,254.0,1,1,1,111,At Risk
17627.0,478,2,285.11,1,1,1,111,At Risk
17628.0,80,1,75.75,3,1,1,311,Others
17629.0,5,11,2425.52,4,4,4,444,Champions
17630.0,169,2,503.59999999999997,2,1,2,212,Others
17631.0,1,7,998.49,4,3,3,433,Loyal Customers
17632.0,716,2,-12.7,1,1,1,111,At Risk
17633.0,30,9,1974.89,3,4,3,343,Loyal Customers
17634.0,35,9,2361.9700000000003,3,4,4,344,Loyal Customers
17635.0,423,4,1256.83,1,2,3,123,At Risk
17636.0,8,2,265.93,4,1,1,411,Recent Customers
17637.0,30,2,547.0600000000001,3,1,2,312,Others
17638.0,646,2,842.4,1,1,2,112,At Risk
17639.0,275,6,615.17,2,3,2,232,Others
17640.0,86,8,3107.59,3,3,4,334,Loyal Customers
17641.0,738,1,-6.95,1,1,1,111,At Risk
17642.0,119,5,1824.49,2,3,3,233,Loyal Customers
17643.0,372,2,541.25,2,1,2,212,Others
17644.0,0,28,5864.54,4,4,4,444,Champions
17645.0,727,1,-9.9,1,1,1,111,At Risk
17646.0,218,16,4094.1600000000003,2,4,4,244,Loyal Customers
17647.0,64,3,331.65999999999997,3,2,2,322,Others
17648.0,60,6,2208.42,3,3,4,334,Loyal Customers
17649.0,134,5,1542.44,2,3,3,233,Loyal Customers
17650.0,20,1,166.08,4,1,1,411,Recent Customers
17651.0,11,22,5632.59,4,4,4,444,Champions
17652.0,24,18,4737.13,4,4,4,444,Champions
17653.0,28,5,1175.88,3,3,3,333,Loyal Customers
17654.0,276,1,117.55,2,1,1,211,Others
17655.0,10,10,3585.28,4,4,4,444,Champions
17656.0,72,5,1674.69,3,3,3,333,Loyal Customers
17657.0,429,1,126.0,1,1,1,111,At Risk
17658.0,10,3,485.88,4,2,2,422,Recent Customers
17659.0,3,17,3784.13,4,4,4,444,Champions
17660.0,140,2,359.47,2,1,2,212,Others
17661.0,640,1,-54.0,1,1,1,111,At Risk
17662.0,661,2,412.92,1,1,2,112,At Risk
17663.0,25,23,5081.04,3,4,4,344,Loyal Customers
17664.0,18,4,1166.23,4,2,3,423,Recent Customers
17665.0,492,1,563.1,1,1,2,112,At Risk
17666.0,3,5,2047.8,4,3,3,433,Loyal Customers
17667.0,65,12,3883.8,3,4,4,344,Loyal Customers
17668.0,0,2,347.75,4,1,2,412,Recent Customers
17669.0,42,10,6142.35,3,4,4,344,Loyal Customers
17670.0,227,1,205.7,2,1,1,211,Others
17671.0,15,7,2114.71,4,3,3,433,Loyal Customers
17672.0,43,9,5707.08,3,4,4,344,Loyal Customers
17673.0,0,15,4216.33,4,4,4,444,Champions
17674.0,73,2,851.7,3,1,3,313,Others
17675.0,0,90,37605.840000000004,4,4,4,444,Champions
17676.0,3,13,2722.52,4,4,4,444,Champions
17677.0,1,91,35866.63,4,4,4,444,Champions
17678.0,263,3,579.81,2,2,2,222,Others
17679.0,52,11,3166.56,3,4,4,344,Loyal Customers
17680.0,23,4,462.5,4,2,2,422,Recent Customers
17681.0,596,6,529.6,1,3,2,132,At Risk
17682.0,9,12,4441.78,4,4,4,444,Champions
17683.0,385,3,819.01,1,2,2,122,At Risk
17684.0,43,1,239.41,3,1,1,311,Others
17685.0,16,14,5928.17,4,4,4,444,Champions
17686.0,6,9,8296.81,4,4,4,444,Champions
17687.0,420,1,432.68,1,1,2,112,At Risk
17688.0,374,2,286.5,2,1,1,211,Others
17689.0,387,2,317.08,1,1,1,111,At Risk
17690.0,29,21,7438.6,3,4,4,344,Loyal Customers
17691.0,357,5,769.85,2,3,2,232,Others
17692.0,126,14,2962.4,2,4,4,244,Loyal Customers
17693.0,135,3,187.02,2,2,1,221,Others
17694.0,141,3,1695.97,2,2,3,223,Others
17695.0,131,6,1720.54,2,3,3,233,Loyal Customers
17696.0,37,48,7380.89,3,4,4,344,Loyal Customers
17697.0,235,1,338.95,2,1,2,212,Others
17698.0,260,1,154.95,2,1,1,211,Others
17699.0,476,2,442.0,1,1,2,112,At Risk
17700.0,16,17,6630.87,4,4,4,444,Champions
17701.0,252,1,417.95,2,1,2,212,Others
17702.0,29,9,2911.79,3,4,4,344,Loyal Customers
17703.0,34,4,1094.84,3,2,3,323,Others
17704.0,168,2,885.19,2,1,3,213,Others
17705.0,2,12,2041.5,4,4,3,443,Loyal Customers
17706.0,3,43,19543.9,4,4,4,444,Champions
17707.0,184,9,605.0500000000001,2,4,2,242,Others
17708.0,187,4,887.9300000000001,2,2,3,223,Others
17709.0,169,5,671.01,2,3,2,232,Others
17710.0,423,1,293.5,1,1,1,111,At Risk
17711.0,10,2,385.1,4,1,2,412,Recent Customers
17712.0,44,1,522.91,3,1,2,312,Others
17713.0,381,4,1198.09,1,2,3,123,At Risk
17714.0,320,9,1376.58,2,4,3,243,Loyal Customers
17715.0,200,2,489.59999999999997,2,1,2,212,Others
17716.0,22,27,15671.32,4,4,4,444,Champions
17717.0,420,1,376.92,1,1,2,112,At Risk
17718.0,231,3,386.98,2,2,2,222,Others
17719.0,37,18,5367.8,3,4,4,344,Loyal Customers
17720.0,25,12,2715.06,3,4,4,344,Loyal Customers
17721.0,658,1,307.21000000000004,1,1,1,111,At Risk
17722.0,95,7,4386.96,3,3,4,334,Loyal Customers
17723.0,126,7,3378.4000000000005,2,3,4,234,Loyal Customers
17724.0,57,4,995.6500000000001,3,2,3,323,Others
17725.0,15,14,3371.13,4,4,4,444,Champions
17726.0,394,8,1089.56,1,3,3,133,Loyal Customers
17727.0,8,2,1042.55,4,1,3,413,Recent Customers
17728.0,3,8,3861.13,4,3,4,434,Loyal Customers
17729.0,595,1,438.65000000000003,1,1,2,112,At Risk
17730.0,2,23,7757.35,4,4,4,444,Champions
17731.0,78,7,1347.08,3,3,3,333,Loyal Customers
17732.0,372,10,2448.14,2,4,4,244,Loyal Customers
17733.0,38,2,692.19,3,1,2,312,Others
17734.0,53,6,1442.32,3,3,3,333,Loyal Customers
17735.0,1,29,17162.58,4,4,4,444,Champions
17736.0,8,4,337.49,4,2,2,422,Recent Customers
17737.0,8,2,168.24,4,1,1,411,Recent Customers
17738.0,18,15,4145.36,4,4,4,444,Champions
17739.0,11,20,7718.14,4,4,4,444,Champions
17740.0,388,6,426.9,1,3,2,132,At Risk
17741.0,406,2,101.1,1,1,1,111,At Risk
17742.0,112,11,2098.48,2,4,3,243,Loyal Customers
17743.0,441,2,208.85,1,1,1,111,At Risk
17744.0,3,8,2617.82,4,3,4,434,Loyal Customers
17745.0,477,2,600.34,1,1,2,112,At Risk
17746.0,234,7,873.4300000000001,2,3,3,233,Loyal Customers
17747.0,99,2,64.65,2,1,1,211,Others
17748.0,526,1,358.15,1,1,2,112,At Risk
17749.0,177,3,1026.18,2,2,3,223,Others
17750.0,4,9,1797.57,4,4,3,443,Loyal Customers
17751.0,420,1,157.85999999999999,1,1,1,111,At Risk
17752.0,358,1,80.64,2,1,1,211,Others
17753.0,463,5,388.06,1,3,2,132,At Risk
17754.0,0,16,4509.39,4,4,4,444,Champions
17755.0,423,1,-72.23,1,1,1,111,At Risk
17756.0,375,3,733.7,2,2,2,222,Others
17757.0,0,60,9342.84,4,4,4,444,Champions
17758.0,18,12,5012.53,4,4,4,444,Champions
17759.0,16,5,1276.91,4,3,3,433,Loyal Customers
17760.0,21,7,911.68,4,3,3,433,Loyal Customers
17761.0,32,1,712.78,3,1,2,312,Others
17762.0,455,1,129.75,1,1,1,111,At Risk
17763.0,262,5,51.15,2,3,1,231,Others
17764.0,50,5,1623.64,3,3,3,333,Loyal Customers
17765.0,158,4,530.8,2,2,2,222,Others
17766.0,380,2,299.61,2,1,1,211,Others
17767.0,14,2,413.05,4,1,2,412,Recent Customers
17768.0,7,8,3504.56,4,3,4,434,Loyal Customers
17769.0,12,21,6994.66,4,4,4,444,Champions
17770.0,198,5,1143.27,2,3,3,233,Loyal Customers
17771.0,56,4,387.41,3,2,2,322,Others
17772.0,10,3,384.77,4,2,2,422,Recent Customers
17773.0,513,2,585.27,1,1,2,112,At Risk
17774.0,96,13,2945.7,2,4,4,244,Loyal Customers
17775.0,254,1,56.4,2,1,1,211,Others
17776.0,386,3,331.81,1,2,2,122,At Risk
17777.0,24,3,665.86,4,2,2,422,Recent Customers
17778.0,661,1,197.70000000000002,1,1,1,111,At Risk
17779.0,20,5,642.17,4,3,2,432,Recent Customers
17780.0,666,3,352.91,1,2,2,122,At Risk
17781.0,158,2,188.02,2,1,1,211,Others
17782.0,382,2,679.02,1,1,2,112,At Risk
17783.0,71,3,379.91,3,2,2,322,Others
17784.0,549,1,112.86,1,1,1,111,At Risk
17785.0,52,3,403.38,3,2,2,322,Others
17786.0,84,2,278.74,3,1,1,311,Others
17787.0,152,4,2601.4700000000003,2,2,4,224,Others
17788.0,73,2,1117.9,3,1,3,313,Others
17789.0,280,2,397.15,2,1,2,212,Others
17790.0,26,20,2783.61,3,4,4,344,Loyal Customers
17791.0,29,1,106.1,3,1,1,311,Others
17792.0,466,2,370.05,1,1,2,112,At Risk
17793.0,24,1,323.04,4,1,1,411,Recent Customers
17794.0,686,2,147.3,1,1,1,111,At Risk
17795.0,179,2,350.39,2,1,2,212,Others
17796.0,39,7,1361.99,3,3,3,333,Loyal Customers
17797.0,21,8,1985.87,4,3,3,433,Loyal Customers
17798.0,581,1,183.09,1,1,1,111,At Risk
17799.0,21,23,6216.74,4,4,4,444,Champions
17800.0,36,9,1199.01,3,4,3,343,Loyal Customers
17801.0,450,4,795.78,1,2,2,122,At Risk
17802.0,81,16,4915.84,3,4,4,344,Loyal Customers
17803.0,391,1,184.66,1,1,1,111,At Risk
17804.0,375,4,380.13,2,2,2,222,Others
17805.0,73,2,927.03,3,1,3,313,Others
17806.0,10,1,546.04,4,1,2,412,Recent Customers
17807.0,394,3,437.87,1,2,2,122,At Risk
17808.0,548,4,262.64,1,2,1,121,At Risk
17809.0,15,24,10498.85,4,4,4,444,Champions
17810.0,668,3,344.86,1,2,2,122,At Risk
17811.0,3,60,9448.53,4,4,4,444,Champions
17812.0,12,7,1165.8899999999999,4,3,3,433,Loyal Customers
17813.0,13,7,1714.6,4,3,3,433,Loyal Customers
17814.0,374,2,1617.32,2,1,3,213,Others
17815.0,392,1,591.96,1,1,2,112,At Risk
17816.0,36,6,112.32,3,3,1,331,Others
17817.0,3,7,801.15,4,3,2,432,Recent Customers
17818.0,737,1,130.18,1,1,1,111,At Risk
17819.0,71,13,6568.719999999999,3,4,4,344,Loyal Customers
17820.0,190,3,159.51,2,2,1,221,Others
17821.0,405,1,334.62,1,1,2,112,At Risk
17822.0,419,5,2188.5,1,3,4,134,Loyal Customers
17823.0,420,2,494.25,1,1,2,112,At Risk
17824.0,50,1,298.4,3,1,1,311,Others
17825.0,598,4,731.96,1,2,2,122,At Risk
17826.0,373,1,134.59,2,1,1,211,Others
17827.0,4,7,2381.3,4,3,4,434,Loyal Customers
17828.0,8,9,1599.97,4,4,3,443,Loyal Customers
17829.0,298,6,4680.42,2,3,4,234,Loyal Customers
17830.0,1,3,398.7,4,2,2,422,Recent Customers
17831.0,32,1,35.400000000000006,3,1,1,311,Others
17832.0,49,1,155.37,3,1,1,311,Others
17833.0,722,1,342.36,1,1,2,112,At Risk
17834.0,414,2,730.47,1,1,2,112,At Risk
17835.0,2,3,350.64,4,2,2,422,Recent Customers
17836.0,46,1,110.21000000000001,3,1,1,311,Others
17837.0,41,10,1560.53,3,4,3,343,Loyal Customers
17838.0,26,15,6239.55,3,4,4,344,Loyal Customers
17839.0,41,1,338.8,3,1,2,312,Others
17840.0,443,1,185.72,1,1,1,111,At Risk
17841.0,1,289,69516.19,4,4,4,444,Champions
17842.0,601,1,430.69,1,1,2,112,At Risk
17843.0,302,2,326.23,2,1,2,212,Others
17844.0,106,1,51.559999999999995,2,1,1,211,Others
17845.0,554,4,598.19,1,2,2,122,At Risk
17846.0,84,1,2033.1,3,1,3,313,Others
17847.0,515,2,129.69,1,1,1,111,At Risk
17848.0,80,31,3638.15,3,4,4,344,Loyal Customers
17849.0,217,8,1063.76,2,3,3,233,Loyal Customers
17850.0,301,159,55703.130000000005,2,4,4,244,Loyal Customers
17851.0,421,6,1563.34,1,3,3,133,Loyal Customers
17852.0,11,5,663.21,4,3,2,432,Recent Customers
17853.0,406,3,1608.19,1,2,3,123,At Risk
17854.0,184,6,1071.45,2,3,3,233,Loyal Customers
17855.0,372,1,417.94,2,1,2,212,Others
17856.0,1,6,1393.79,4,3,3,433,Loyal Customers
17857.0,2,26,28566.54,4,4,4,444,Champions
17858.0,5,32,12723.3,4,4,4,444,Champions
17859.0,304,1,148.21,2,1,1,211,Others
17860.0,368,4,1015.54,2,2,3,223,Others
17861.0,2,22,5064.59,4,4,4,444,Champions
17862.0,323,4,1279.09,2,2,3,223,Others
17863.0,58,12,5745.2,3,4,4,344,Loyal Customers
17864.0,12,5,924.32,4,3,3,433,Loyal Customers
17865.0,30,62,25649.05,3,4,4,344,Loyal Customers
17866.0,142,4,1131.0,2,2,3,223,Others
17867.0,29,20,895.78,3,4,3,343,Loyal Customers
17868.0,385,1,234.65,1,1,1,111,At Risk
17869.0,106,7,1036.16,2,3,3,233,Loyal Customers
17870.0,1,14,3103.2,4,4,4,444,Champions
17871.0,204,5,1118.99,2,3,3,233,Loyal Customers
17872.0,381,1,235.87,1,1,1,111,At Risk
17873.0,79,20,6229.56,3,4,4,344,Loyal Customers
17874.0,184,7,658.26,2,3,2,232,Others
17875.0,687,1,167.1,1,1,1,111,At Risk
17876.0,399,3,3424.02,1,2,4,124,At Risk
17877.0,169,1,237.61,2,1,1,211,Others
17878.0,43,3,1412.33,3,2,3,323,Others
17879.0,173,1,178.51999999999998,2,1,1,211,Others
17880.0,364,3,824.9200000000001,2,2,2,222,Others
17881.0,303,1,133.35000000000002,2,1,1,211,Others
17882.0,378,2,313.46,2,1,1,211,Others
17883.0,2,8,979.95,4,3,3,433,Loyal Customers
17884.0,3,23,3028.89,4,4,4,444,Champions
17885.0,11,1,190.19,4,1,1,411,Recent Customers
17886.0,31,7,1598.43,3,3,3,333,Loyal Customers
17887.0,128,1,111.35,2,1,1,211,Others
17888.0,18,31,1318.9,4,4,3,443,Loyal Customers
17889.0,211,7,774.87,2,3,2,232,Others
17890.0,322,2,602.09,2,1,2,212,Others
17891.0,161,1,203.85999999999999,2,1,1,211,Others
17892.0,55,3,244.1,3,2,1,321,Others
17893.0,224,1,112.25,2,1,1,211,Others
17894.0,71,20,2397.66,3,4,4,344,Loyal Customers
17895.0,43,1,98.0,3,1,1,311,Others
17896.0,22,1,256.32,4,1,1,411,Recent Customers
17897.0,172,10,2534.0,2,4,4,244,Loyal Customers
17898.0,84,4,299.18,3,2,1,321,Others
17899.0,158,1,155.8,2,1,1,211,Others
17900.0,164,4,15.0,2,2,1,221,Others
17901.0,28,3,260.08,3,2,1,321,Others
17902.0,546,1,216.39999999999998,1,1,1,111,At Risk
17903.0,393,1,381.09000000000003,1,1,2,112,At Risk
17904.0,20,2,178.92,4,1,1,411,Recent Customers
17905.0,70,14,2374.22,3,4,4,344,Loyal Customers
17906.0,246,1,72.9,2,1,1,211,Others
17907.0,640,1,291.76,1,1,1,111,At Risk
17908.0,373,7,1357.89,2,3,3,233,Loyal Customers
17909.0,736,1,132.55,1,1,1,111,At Risk
17910.0,725,1,261.7,1,1,1,111,At Risk
17911.0,8,1,366.23,4,1,2,412,Recent Customers
17912.0,309,7,360.1,2,3,2,232,Others
17913.0,58,14,3479.64,3,4,4,344,Loyal Customers
17914.0,3,1,336.43,4,1,2,412,Recent Customers
17915.0,550,1,242.13,1,1,1,111,At Risk
17916.0,628,2,43.87,1,1,1,111,At Risk
17917.0,44,3,341.28,3,2,2,322,Others
17918.0,500,3,396.39,1,2,2,122,At Risk
17919.0,87,2,1840.32,3,1,3,313,Others
17920.0,3,56,24509.91,4,4,4,444,Champions
17921.0,63,12,2383.35,3,4,4,344,Loyal Customers
17922.0,542,1,170.4,1,1,1,111,At Risk
17923.0,281,3,497.0,2,2,2,222,Others
17924.0,0,14,3445.28,4,4,4,444,Champions
17925.0,372,1,488.16,2,1,2,212,Others
17926.0,132,5,1035.49,2,3,3,233,Loyal Customers
17927.0,721,1,294.0,1,1,1,111,At Risk
17928.0,44,3,341.24,3,2,2,322,Others
17929.0,10,13,3073.6,4,4,4,444,Champions
17930.0,35,15,4242.92,3,4,4,344,Loyal Customers
17931.0,133,18,3305.96,2,4,4,244,Loyal Customers
17932.0,28,3,1331.57,3,2,3,323,Others
17933.0,631,1,114.69,1,1,1,111,At Risk
17934.0,51,3,1049.15,3,2,3,323,Others
17935.0,137,8,655.54,2,3,2,232,Others
17936.0,4,1,389.84,4,1,2,412,Recent Customers
17937.0,8,7,4301.22,4,3,4,434,Loyal Customers
17938.0,419,1,144.29,1,1,1,111,At Risk
17939.0,159,1,99.14,2,1,1,211,Others
17940.0,48,22,26960.02,3,4,4,344,Loyal Customers
17941.0,130,4,1433.28,2,2,3,223,Others
17942.0,7,1,77.50000000000001,4,1,1,411,Recent Customers
17943.0,679,1,-165.03,1,1,1,111,At Risk
17944.0,422,1,75.41,1,1,1,111,At Risk
17945.0,696,3,360.35,1,2,2,122,At Risk
17946.0,232,2,149.57999999999998,2,1,1,211,Others
17947.0,36,1,176.68,3,1,1,311,Others
17948.0,146,1,358.56000000000006,2,1,2,212,Others
17949.0,0,138,98895.59,4,4,4,444,Champions
17950.0,71,8,1412.65,3,3,3,333,Loyal Customers
17951.0,39,5,1618.38,3,3,3,333,Loyal Customers
17952.0,377,4,819.61,2,2,2,222,Others
17953.0,539,1,160.82,1,1,1,111,At Risk
17954.0,4,26,3831.56,4,4,4,444,Champions
17955.0,198,6,949.9,2,3,3,233,Loyal Customers
17956.0,248,1,12.75,2,1,1,211,Others
17957.0,65,1,111.68,3,1,1,311,Others
17958.0,116,2,973.88,2,1,3,213,Others
17959.0,591,1,140.75,1,1,1,111,At Risk
17960.0,170,3,135.08,2,2,1,221,Others
17961.0,20,102,2979.09,4,4,4,444,Champions
17962.0,141,5,673.02,2,3,2,232,Others
17963.0,470,4,651.51,1,2,2,122,At Risk
17964.0,31,2,733.46,3,1,2,312,Others
17965.0,37,33,7117.78,3,4,4,344,Loyal Customers
17966.0,37,10,1974.42,3,4,3,343,Loyal Customers
17967.0,371,2,357.28999999999996,2,1,2,212,Others
17968.0,373,4,888.04,2,2,3,223,Others
17969.0,165,27,2251.19,2,4,4,244,Loyal Customers
17970.0,210,1,582.59,2,1,2,212,Others
17971.0,547,1,161.94,1,1,1,111,At Risk
17972.0,241,1,136.04,2,1,1,211,Others
17973.0,51,1,337.04,3,1,2,312,Others
17974.0,24,6,1858.06,4,3,3,433,Loyal Customers
17975.0,14,26,6927.68,4,4,4,444,Champions
17976.0,371,1,706.38,2,1,2,212,Others
17977.0,28,3,1507.73,3,2,3,323,Others
17978.0,364,4,1461.76,2,2,3,223,Others
17979.0,35,5,737.81,3,3,2,332,Others
17980.0,165,4,1033.42,2,2,3,223,Others
17981.0,410,1,239.12,1,1,1,111,At Risk
17982.0,680,1,138.18,1,1,1,111,At Risk
17983.0,394,1,171.71,1,1,1,111,At Risk
17984.0,144,5,1191.27,2,3,3,233,Loyal Customers
17985.0,21,1,634.95,4,1,2,412,Recent Customers
17986.0,55,1,20.8,3,1,1,311,Others
17987.0,184,6,928.12,2,3,3,233,Loyal Customers
17988.0,11,15,479.59,4,4,2,442,Recent Customers
17989.0,378,1,228.82999999999998,2,1,1,211,Others
17990.0,236,7,1522.5700000000002,2,3,3,233,Loyal Customers
17991.0,224,3,320.55,2,2,1,221,Others
17992.0,388,1,254.13,1,1,1,111,At Risk
17993.0,616,1,235.19,1,1,1,111,At Risk
17994.0,121,14,2262.87,2,4,4,244,Loyal Customers
17995.0,281,3,495.48,2,2,2,222,Others
17996.0,379,3,482.33,2,2,2,222,Others
17997.0,73,12,1511.3,3,4,3,343,Loyal Customers
17998.0,379,4,601.74,2,2,2,222,Others
17999.0,36,3,730.9,3,2,2,322,Others
18000.0,563,1,124.25,1,1,1,111,At Risk
18001.0,11,6,953.84,4,3,3,433,Loyal Customers
18002.0,375,4,249.92,2,2,1,221,Others
18003.0,375,1,358.61,2,1,2,212,Others
18004.0,361,1,169.47,2,1,1,211,Others
18005.0,3,2,249.72,4,1,1,411,Recent Customers
18006.0,22,4,997.86,4,2,3,423,Recent Customers
18007.0,392,1,220.32,1,1,1,111,At Risk
18008.0,69,23,19787.13,3,4,4,344,Loyal Customers
18009.0,234,14,2077.08,2,4,3,243,Loyal Customers
18010.0,256,1,174.8,2,1,1,211,Others
18011.0,372,2,527.03,2,1,2,212,Others
18012.0,722,1,115.3,1,1,1,111,At Risk
18013.0,154,2,187.29,2,1,1,211,Others
18014.0,27,1,166.42,3,1,1,311,Others
18015.0,3,1,120.03,4,1,1,411,Recent Customers
18016.0,31,7,1960.46,3,3,3,333,Loyal Customers
18017.0,80,4,688.0,3,2,2,322,Others
18018.0,107,5,156.69,2,3,1,231,Others
18019.0,51,1,38.45,3,1,1,311,Others
18020.0,543,2,129.28,1,1,1,111,At Risk
18021.0,509,2,227.06,1,1,1,111,At Risk
18022.0,35,5,1651.79,3,3,3,333,Loyal Customers
18023.0,539,1,-3248.86,1,1,1,111,At Risk
18024.0,152,3,236.77999999999997,2,2,1,221,Others
18025.0,379,6,1177.72,2,3,3,233,Loyal Customers
18026.0,500,2,2074.07,1,1,3,113,At Risk
18027.0,98,1,115.31,2,1,1,211,Others
18028.0,582,1,192.05,1,1,1,111,At Risk
18029.0,641,1,433.77,1,1,2,112,At Risk
18030.0,3,3,220.7,4,2,1,421,Recent Customers
18031.0,378,1,462.09999999999997,2,1,2,212,Others
18032.0,333,1,73.5,2,1,1,211,Others
18033.0,64,1,97.97,3,1,1,311,Others
18034.0,21,3,793.7,4,2,2,422,Recent Customers
18035.0,35,5,1276.74,3,3,3,333,Loyal Customers
18036.0,31,11,1563.6399999999999,3,4,3,343,Loyal Customers
18037.0,153,15,167.42,2,4,1,241,Others
18038.0,555,1,149.41,1,1,1,111,At Risk
18039.0,373,4,579.17,2,2,2,222,Others
18040.0,18,2,357.20000000000005,4,1,2,412,Recent Customers
18041.0,11,40,8669.65,4,4,4,444,Champions
18042.0,53,2,281.15,3,1,1,311,Others
18043.0,24,3,875.97,4,2,3,423,Recent Customers
18044.0,3,19,3502.66,4,4,4,444,Champions
18045.0,44,1,189.4,3,1,1,311,Others
18046.0,649,1,189.63,1,1,1,111,At Risk
18047.0,380,2,342.69,2,1,2,212,Others
18048.0,202,3,401.73,2,2,2,222,Others
18049.0,436,2,556.52,1,1,2,112,At Risk
18050.0,358,2,412.06,2,1,2,212,Others
18051.0,633,8,2275.98,1,3,4,134,Loyal Customers
18052.0,564,1,10877.18,1,1,4,114,At Risk
18053.0,65,6,527.77,3,3,2,332,Others
18054.0,392,1,176.5,1,1,1,111,At Risk
18055.0,6,15,11163.52,4,4,4,444,Champions
18056.0,287,3,539.75,2,2,2,222,Others
18057.0,392,3,1203.56,1,2,3,123,At Risk
18058.0,9,3,774.06,4,2,2,422,Recent Customers
18059.0,8,4,296.71,4,2,1,421,Recent Customers
18060.0,407,2,1185.46,1,1,3,113,At Risk
18061.0,21,29,6480.47,4,4,4,444,Champions
18062.0,172,9,1523.3700000000001,2,4,3,243,Loyal Customers
18063.0,390,2,186.60000000000002,1,1,1,111,At Risk
18064.0,132,15,4441.18,2,4,4,244,Loyal Customers
18065.0,5,32,5836.88,4,4,4,444,Champions
18066.0,74,3,1440.4,3,2,3,323,Others
18067.0,39,1,396.33,3,1,2,312,Others
18068.0,288,1,101.69999999999999,2,1,1,211,Others
18069.0,25,13,4525.71,3,4,4,344,Loyal Customers
18070.0,668,2,307.75,1,1,1,111,At Risk
18071.0,257,6,1428.63,2,3,3,233,Loyal Customers
18072.0,154,2,-5.329070518200751e-15,2,1,1,211,Others
18073.0,113,13,3864.44,2,4,4,244,Loyal Customers
18074.0,373,2,1509.04,2,1,3,213,Others
18075.0,22,31,5579.91,4,4,4,444,Champions
18076.0,379,1,151.49,2,1,1,211,Others
18077.0,7,18,4338.56,4,4,4,444,Champions
18078.0,216,4,844.6,2,2,3,223,Others
18079.0,44,5,4242.75,3,3,4,334,Loyal Customers
18080.0,18,2,1231.5,4,1,3,413,Recent Customers
18081.0,35,3,343.45,3,2,2,322,Others
18082.0,25,1,703.37,3,1,2,312,Others
18083.0,397,1,470.72999999999996,1,1,2,112,At Risk
18084.0,15,5,193.72999999999996,4,3,1,431,Recent Customers
18085.0,329,4,1645.75,2,2,3,223,Others
18086.0,273,1,101.34,2,1,1,211,Others
18087.0,97,21,14411.619999999999,2,4,4,244,Loyal Customers
18088.0,60,1,167.67000000000002,3,1,1,311,Others
18089.0,446,1,428.45,1,1,2,112,At Risk
18090.0,421,1,349.4,1,1,2,112,At Risk
18091.0,592,1,360.85,1,1,2,112,At Risk
18092.0,1,20,16173.19,4,4,4,444,Champions
18093.0,92,9,4429.61,3,4,4,344,Loyal Customers
18094.0,81,15,6322.62,3,4,4,344,Loyal Customers
18095.0,312,5,2303.09,2,3,4,234,Loyal Customers
18096.0,11,6,1805.28,4,3,3,433,Loyal Customers
18097.0,7,14,4652.17,4,4,4,444,Champions
18098.0,395,1,550.84,1,1,2,112,At Risk
18099.0,126,1,168.31,2,1,1,211,Others
18100.0,549,1,451.56,1,1,2,112,At Risk
18101.0,10,5,629.16,4,3,2,432,Recent Customers
18102.0,0,153,598215.22,4,4,4,444,Champions
18103.0,548,1,105.8,1,1,1,111,At Risk
18104.0,36,1,754.64,3,1,2,312,Others
18105.0,37,1,113.48000000000002,3,1,1,311,Others
18106.0,329,6,1461.46,2,3,3,233,Loyal Customers
18107.0,441,1,167.13,1,1,1,111,At Risk
18108.0,248,4,842.46,2,2,2,222,Others
18109.0,1,45,9754.66,4,4,4,444,Champions
18110.0,18,3,405.18,4,2,2,422,Recent Customers
18111.0,582,2,398.9,1,1,2,112,At Risk
18112.0,11,4,775.96,4,2,2,422,Recent Customers
18113.0,368,1,152.64000000000001,2,1,1,211,Others
18114.0,289,1,220.1,2,1,1,211,Others
18115.0,697,1,9.700000000000001,1,1,1,111,At Risk
18116.0,67,13,2154.3,3,4,3,343,Loyal Customers
18117.0,25,1,320.72,3,1,1,311,Others
18118.0,10,35,6670.07,4,4,4,444,Champions
18119.0,367,1,362.24,2,1,2,212,Others
18120.0,213,1,111.15,2,1,1,211,Others
18121.0,148,2,673.1,2,1,2,212,Others
18122.0,7,6,1826.21,4,3,3,433,Loyal Customers
18123.0,23,3,684.59,4,2,2,422,Recent Customers
18124.0,471,1,111.53,1,1,1,111,At Risk
18125.0,29,5,1141.34,3,3,3,333,Loyal Customers
18126.0,60,1,206.82999999999998,3,1,1,311,Others
18127.0,18,4,561.53,4,2,2,422,Recent Customers
18128.0,536,1,420.04,1,1,2,112,At Risk
18129.0,242,1,112.55000000000001,2,1,1,211,Others
18130.0,8,4,1045.74,4,2,3,423,Recent Customers
18131.0,631,1,222.95999999999998,1,1,1,111,At Risk
18132.0,503,1,226.9,1,1,1,111,At Risk
18133.0,210,2,715.4999999999999,2,1,2,212,Others
18134.0,597,2,445.0,1,1,2,112,At Risk
18135.0,28,13,1229.22,3,4,3,343,Loyal Customers
18136.0,62,9,1531.71,3,4,3,343,Loyal Customers
18137.0,550,2,145.99,1,1,1,111,At Risk
18138.0,294,1,152.65,2,1,1,211,Others
18139.0,16,8,8393.22,4,3,4,434,Loyal Customers
18140.0,473,1,536.41,1,1,2,112,At Risk
18141.0,360,4,838.57,2,2,2,222,Others
18142.0,150,4,1014.9,2,2,3,223,Others
18143.0,116,2,1000.16,2,1,3,213,Others
18144.0,7,19,5058.0,4,4,4,444,Champions
18145.0,12,12,5600.09,4,4,4,444,Champions
18146.0,140,2,160.35000000000002,2,1,1,211,Others
18147.0,45,2,179.33999999999997,3,1,1,311,Others
18148.0,646,1,114.10000000000001,1,1,1,111,At Risk
18149.0,50,7,1624.71,3,3,3,333,Loyal Customers
18150.0,31,3,566.58,3,2,2,322,Others
18151.0,134,7,1853.94,2,3,3,233,Loyal Customers
18152.0,645,1,426.69,1,1,2,112,At Risk
18153.0,658,1,246.22,1,1,1,111,At Risk
18154.0,2,5,932.6,4,3,3,433,Loyal Customers
18155.0,74,4,347.82,3,2,2,322,Others
18156.0,12,2,941.1700000000001,4,1,3,413,Recent Customers
18157.0,570,1,215.35,1,1,1,111,At Risk
18158.0,8,3,451.75,4,2,2,422,Recent Customers
18159.0,300,1,530.15,2,1,2,212,Others
18160.0,56,3,1003.88,3,2,3,323,Others
18161.0,9,7,1797.2,4,3,3,433,Loyal Customers
18162.0,731,1,379.16,1,1,2,112,At Risk
18163.0,560,2,639.34,1,1,2,112,At Risk
18164.0,30,2,394.7,3,1,2,312,Others
18165.0,176,1,302.46000000000004,2,1,1,211,Others
18166.0,623,1,175.5,1,1,1,111,At Risk
18167.0,3,6,1355.51,4,3,3,433,Loyal Customers
18168.0,175,22,3670.12,2,4,4,244,Loyal Customers
18169.0,60,1,202.65,3,1,1,311,Others
18170.0,32,9,2878.0,3,4,4,344,Loyal Customers
18171.0,58,11,2414.51,3,4,4,344,Loyal Customers
18172.0,14,63,17301.83,4,4,4,444,Champions
18173.0,86,5,2696.36,3,3,4,334,Loyal Customers
18174.0,6,2,162.5,4,1,1,411,Recent Customers
18175.0,675,1,176.1,1,1,1,111,At Risk
18176.0,353,2,448.65,2,1,2,212,Others
18177.0,30,10,2189.62,3,4,4,344,Loyal Customers
18178.0,113,15,6054.49,2,4,4,244,Loyal Customers
18179.0,8,8,2547.55,4,3,4,434,Loyal Customers
18180.0,4,6,1843.75,4,3,3,433,Loyal Customers
18181.0,23,7,1184.21,4,3,3,433,Loyal Customers
18182.0,462,1,291.13,1,1,1,111,At Risk
18183.0,217,6,600.52,2,3,2,232,Others
18184.0,14,1,49.8,4,1,1,411,Recent Customers
18185.0,248,1,304.25,2,1,1,211,Others
18186.0,722,1,329.58,1,1,2,112,At Risk
18187.0,622,3,682.19,1,2,2,122,At Risk
18188.0,14,8,3263.19,4,3,4,434,Loyal Customers
18189.0,77,5,1396.58,3,3,3,333,Loyal Customers
18190.0,191,6,735.6700000000001,2,3,2,232,Others
18191.0,261,2,529.4,2,1,2,212,Others
18192.0,71,1,957.97,3,1,3,313,Others
18193.0,150,5,1155.7,2,3,3,233,Loyal Customers
18194.0,63,7,4084.2000000000003,3,3,4,334,Loyal Customers
18195.0,386,1,101.16,1,1,1,111,At Risk
18196.0,94,4,1464.31,3,2,3,323,Others
18197.0,513,2,221.4,1,1,1,111,At Risk
18198.0,3,21,5083.06,4,4,4,444,Champions
18199.0,675,2,342.2,1,1,2,112,At Risk
18200.0,105,1,163.8,2,1,1,211,Others
18201.0,722,1,447.53000000000003,1,1,2,112,At Risk
18202.0,199,3,1396.99,2,2,3,223,Others
18203.0,156,4,504.42,2,2,2,222,Others
18204.0,70,4,1979.3,3,2,3,323,Others
18205.0,35,2,517.36,3,1,2,312,Others
18206.0,552,1,314.65999999999997,1,1,1,111,At Risk
18207.0,493,3,505.12,1,2,2,122,At Risk
18208.0,565,1,360.08,1,1,2,112,At Risk
18209.0,28,1,139.10000000000002,3,1,1,311,Others
18210.0,1,7,2768.83,4,3,4,434,Loyal Customers
18211.0,25,5,600.07,3,3,2,332,Others
18212.0,325,2,546.72,2,1,2,212,Others
18213.0,236,1,232.48000000000002,2,1,1,211,Others
18214.0,530,5,1480.99,1,3,3,133,Loyal Customers
18215.0,88,6,2238.9900000000002,3,3,4,334,Loyal Customers
18216.0,30,1,481.75,3,1,2,312,Others
18217.0,28,6,902.8,3,3,3,333,Loyal Customers
18218.0,205,6,1106.3,2,3,3,233,Loyal Customers
18219.0,2,19,3507.39,4,4,4,444,Champions
18220.0,219,11,1771.7,2,4,3,243,Loyal Customers
18221.0,21,8,1370.34,4,3,3,433,Loyal Customers
18222.0,92,1,443.0,3,1,2,312,Others
18223.0,1,52,13497.58,4,4,4,444,Champions
18224.0,263,1,158.95000000000002,2,1,1,211,Others
18225.0,2,34,12650.91,4,4,4,444,Champions
18226.0,38,38,11748.58,3,4,4,344,Loyal Customers
18227.0,217,3,93.75,2,2,1,221,Others
18228.0,49,3,769.2,3,2,2,322,Others
18229.0,11,28,10803.710000000001,4,4,4,444,Champions
18230.0,8,12,4190.71,4,4,4,444,Champions
18231.0,191,30,6848.17,2,4,4,244,Loyal Customers
18232.0,81,5,582.47,3,3,2,332,Others
18233.0,325,1,440.0,2,1,2,212,Others
18234.0,551,1,179.6,1,1,1,111,At Risk
18235.0,71,3,1796.48,3,2,3,323,Others
18236.0,29,12,1795.3500000000001,3,4,3,343,Loyal Customers
18237.0,2,5,987.1,4,3,3,433,Loyal Customers
18238.0,514,1,270.92,1,1,1,111,At Risk
18239.0,218,6,2150.36,2,3,3,233,Loyal Customers
18240.0,45,1,422.58,3,1,2,312,Others
18241.0,9,23,2954.09,4,4,4,444,Champions
18242.0,71,8,3605.21,3,3,4,334,Loyal Customers
18243.0,413,1,515.78,1,1,2,112,At Risk
18244.0,430,2,568.64,1,1,2,112,At Risk
18245.0,6,23,6236.2300000000005,4,4,4,444,Champions
18246.0,23,3,758.8199999999999,4,2,2,422,Recent Customers
18247.0,409,6,721.43,1,3,2,132,At Risk
18248.0,113,4,783.02,2,2,2,222,Others
18249.0,16,1,95.34,4,1,1,411,Recent Customers
18250.0,300,2,342.92,2,1,2,212,Others
18251.0,86,9,26278.86,3,4,4,344,Loyal Customers
18252.0,50,8,1465.59,3,3,3,333,Loyal Customers
18253.0,642,1,317.88,1,1,1,111,At Risk
18254.0,580,1,267.9,1,1,1,111,At Risk
18255.0,88,2,303.15,3,1,1,311,Others
18256.0,354,2,60.599999999999994,2,1,1,211,Others
18257.0,38,18,4496.8,3,4,4,344,Loyal Customers
18258.0,463,8,2040.97,1,3,3,133,Loyal Customers
18259.0,24,7,4318.200000000001,4,3,4,434,Loyal Customers
18260.0,172,32,9751.95,2,4,4,244,Loyal Customers
18261.0,42,2,324.24,3,1,1,311,Others
18262.0,139,3,577.54,2,2,2,222,Others
18263.0,22,4,1211.08,4,2,3,423,Recent Customers
18264.0,498,1,603.25,1,1,2,112,At Risk
18265.0,71,2,801.51,3,1,2,312,Others
18266.0,433,1,251.1,1,1,1,111,At Risk
18267.0,659,2,252.87,1,1,1,111,At Risk
18268.0,133,8,1451.22,2,3,3,233,Loyal Customers
18269.0,357,2,307.5,2,1,1,211,Others
18270.0,37,4,400.35,3,2,2,322,Others
18271.0,609,2,680.85,1,1,2,112,At Risk
18272.0,2,11,4347.33,4,4,4,444,Champions
18273.0,1,4,357.0,4,2,2,422,Recent Customers
18274.0,17,2,1.7763568394002505e-15,4,1,1,411,Recent Customers
18275.0,577,2,741.85,1,1,2,112,At Risk
18276.0,20,10,1620.67,4,4,3,443,Loyal Customers
18277.0,57,8,1111.38,3,3,3,333,Loyal Customers
18278.0,73,2,414.20000000000005,3,1,2,312,Others
18279.0,518,1,231.33999999999997,1,1,1,111,At Risk
18280.0,277,3,472.45000000000005,2,2,2,222,Others
18281.0,180,2,201.14,2,1,1,211,Others
18282.0,7,3,176.6,4,2,1,421,Recent Customers
18283.0,3,22,2736.65,4,4,4,444,Champions
18284.0,429,2,436.68,1,1,2,112,At Risk
18285.0,660,1,427.0,1,1,2,112,At Risk
18286.0,476,3,1188.43,1,2,3,123,At Risk
18287.0,42,8,4177.89,3,3,4,334,Loyal Customers
